chr,start,end,gene,rts_value,strand,p.value,location,gene_location,sequence,transcript,miRNA_dists,polyA_dists,annotation,class,ENST,0,1,2,3,4,5,6,7,8,9,10,11,12,13,14,15,16,17,18,19,20,21,22,23,24,25,26,27,28,29,30,31,32,33,34,35,36,37,38,39,40,41,42,43,44,45,46,47,48,49
chr19,50191597,50191627,PRMT1,0.871754590754225,+,1.61e-05,chr19_50191627_+,PRMT1_chr19_50191627_+,GTTTTAGGGGCCTGGGCTGGGGGGATGGGG,NM_198318,-2.0,-60.0,utr3,PQs_7,ENST00000391851,0.0137362637362637,0.0142045454545455,0.0209580838323353,0.0032154340836012,0.0032051282051282,0.0098684210526315,0.015625,0.0029761904761904,0.0028985507246376,0.0028985507246376,0.0087976539589442,0.0166112956810631,0.0333333333333333,0.0128617363344051,0.0057471264367816,0.0029239766081871,0.0084507042253521,0.0109289617486339,0.0195530726256983,0.0028169014084507,0.0056980056980057,0.0146627565982405,0.0222222222222222,0.0029411764705882,0.0059347181008902,0.0060422960725075,0.0059701492537313,0.0027247956403269,0.0,0.0,0.0030581039755351,0.0,0.0032362459546925,0.0069686411149825,0.0035211267605633,0.025,0.0056179775280898,0.0028490028490028,0.0,0.0031446540880503,0.0064516129032258,0.0130293159609121,0.006578947368421,0.0263157894736842,0.0114613180515759,0.0179640718562874,0.0061349693251533,0.0123456790123457,0.0125391849529781,0.0123456790123457
chr9,7799546,7799576,C9orf123,0.479225498467623,-,1.14e-05,chr9_7799546_-,C9orf123_chr9_7799546_-,TCTGGGTTGGGGCTGATGGGGGCGGGCGGG,NM_033428,,-2199.0,cds,PQs_7,ENST00000358227,0.0262008733624454,0.040650406504065,0.0079051383399209,0.0642570281124498,0.004149377593361,0.048,0.0,0.016260162601626,0.004739336492891,0.0829268292682927,0.0239234449760766,0.0179372197309417,0.0282258064516129,0.0040983606557377,0.0125,0.0210084033613445,0.0127659574468085,0.02,0.0203252032520325,0.0041322314049586,0.0042918454935622,0.0260869565217391,0.00836820083682,0.0286885245901639,0.0,0.0,0.0277777777777778,0.0160642570281124,0.00390625,0.0078740157480315,0.0039370078740157,0.0,0.0204081632653061,0.0040160642570281,0.008,0.00418410041841,0.0205761316872428,0.0121457489878543,0.0078431372549019,0.0039682539682539,0.0212765957446809,0.0353982300884956,0.0084745762711864,0.012396694214876,0.0573770491803279,0.0208333333333333,0.0167364016736402,0.0079365079365079,0.01171875,0.027027027027027
chr9,7799533,7799563,C9orf123,0.280038245528596,-,0.000636615433845,chr9_7799533_-,C9orf123_chr9_7799533_-,TGATGGGGGCGGGCGGGTACGTGTACTGGG,NM_033428,,-2186.0,cds,PQs_7,ENST00000358227,0.0040983606557377,0.0125,0.0210084033613445,0.0127659574468085,0.02,0.0203252032520325,0.0041322314049586,0.0042918454935622,0.0260869565217391,0.00836820083682,0.0286885245901639,0.0,0.0,0.0277777777777778,0.0160642570281124,0.00390625,0.0078740157480315,0.0039370078740157,0.0,0.0204081632653061,0.0040160642570281,0.008,0.00418410041841,0.0205761316872428,0.0121457489878543,0.0078431372549019,0.0039682539682539,0.0212765957446809,0.0353982300884956,0.0084745762711864,0.012396694214876,0.0573770491803279,0.0208333333333333,0.0167364016736402,0.0079365079365079,0.01171875,0.027027027027027,0.0,0.0,0.0038910505836575,0.0118110236220472,0.0040160642570281,0.0118577075098814,0.0160642570281124,0.0200803212851406,0.004,0.0080321285140562,0.0044247787610619,0.0174672489082969,0.0441767068273092
chr19,3976294,3976324,EEF2,0.852953035229911,-,1.72e-08,chr19_3976294_-,EEF2_chr19_3976294_-,TAATGGGCCGGTCGGGGAGGGGGAGGCGGG,NM_001961,-70.0,-219.0,utr3,PQs_7,ENST00000309311,0.0223820943245404,0.0074937552039966,0.0023041474654377,0.0023419203747072,0.0458333333333333,0.0124378109452736,0.0140961857379768,0.0123348017621145,0.003457216940363,0.0173985086992543,0.0106995884773663,0.0143198090692124,0.0141955835962145,0.0032310177705977,0.008130081300813,0.0101483216237315,0.0191693290734824,0.0056406124093473,0.0063542494042891,0.0015885623510722,0.0118143459915612,0.0052264808362369,0.0136655948553055,0.0054347826086956,0.0,0.0068859984697781,0.0030864197530864,0.0007923930269413,0.0219607843137255,0.0055555555555555,0.001556420233463,0.0,0.0063291139240506,0.0048270313757039,0.0097244732576985,0.0016142050040355,0.0063291139240506,0.0164576802507837,0.0023622047244094,0.0,0.0079016681299385,0.0160901045856798,0.0087232355273592,0.00786782061369,0.0065040650406504,0.044314381270903,0.0294372294372294,0.0205173951828724,0.0098920863309352,0.0710156895127993
chr19,55912696,55912726,UBE2S,0.432670537529733,-,8.54e-06,chr19_55912696_-,UBE2S_chr19_55912696_-,TTATGGCTGGGGTCGGGGAGGGTACAGGGG,NM_014501,,-28.0,utr3,PQs_7,ENST00000264552,0.0119940029985007,0.0380794701986755,0.0276073619631902,0.0157728706624606,0.0327868852459016,0.0531107738998483,0.0177777777777778,0.0059523809523809,0.0230547550432277,0.0135338345864662,0.0124223602484472,0.0015128593040847,0.0031055900621118,0.0043290043290043,0.0057971014492753,0.0029154518950437,0.002840909090909,0.0,0.0,0.002906976744186,0.001531393568147,0.0015384615384615,0.0015748031496063,0.0044313146233382,0.0014492753623188,0.0014471780028943,0.0059880239520958,0.0062597809076682,0.003338898163606,0.0016420361247947,0.001669449081803,0.0066666666666666,0.0016920473773265,0.0093023255813953,0.0031104199066874,0.0061443932411674,0.0106707317073171,0.0094786729857819,0.0128205128205128,0.001610305958132,0.0066334991708126,0.0067453625632377,0.0052724077328646,0.010016694490818,0.0,0.0015974440894568,0.0,0.0166666666666667,0.0145719489981785,0.0089126559714795
chr15,89441993,89442023,MFGE8,0.374239280616236,-,0.00256187754971,chr15_89441993_-,MFGE8_chr15_89441993_-,CAGAGGAGGGCATGGGTTGGCAGGGTGGGC,NM_005928,-40.0,-55.0,utr3,PQs_7,ENST00000268150,0.0,0.008130081300813,0.024896265560166,0.0204918032786885,0.0534979423868313,0.0323886639676113,0.0043478260869565,0.008695652173913,0.0129310344827586,0.0357142857142857,0.0260869565217391,0.0126582278481013,0.0205761316872428,0.0209205020920502,0.0497925311203319,0.0168067226890756,0.0086206896551724,0.0378151260504202,0.0086580086580086,0.0082304526748971,0.0,0.0123456790123457,0.0371900826446281,0.0125,0.0085106382978723,0.0125523012552301,0.0,0.0040650406504065,0.0040485829959514,0.0040816326530612,0.0040322580645161,0.0045045045045045,0.0355555555555556,0.0041666666666666,0.0,0.0164609053497942,0.0081967213114754,0.0210084033613445,0.0131004366812227,0.026431718061674,0.0251046025104603,0.0301724137931034,0.0708333333333333,0.008130081300813,0.0164609053497942,0.0083333333333333,0.0217391304347826,0.012987012987013,0.0090497737556561,0.0181818181818182
chr10,73576512,73576542,PSAP,0.813262909724927,-,1.61e-08,chr10_73576512_-,PSAP_chr10_73576512_-,TTGTTTGGGGTTCTGTGGGTTTGGGTGGGA,NM_002778,-16.0,-437.0,utr3,PQs_7,ENST00000394936,0.0297029702970297,0.0161290322580645,0.0138568129330254,0.0607476635514019,0.0249376558603491,0.0309859154929577,0.0796703296703297,0.0128865979381443,0.0308483290488432,0.084788029925187,0.0616113744075829,0.0421545667447307,0.0097323600973236,0.0594059405940594,0.0965346534653465,0.0277777777777778,0.0178571428571429,0.0044150110375275,0.0114942528735632,0.0193236714975845,0.0109289617486339,0.0161725067385445,0.009501187648456,0.0243362831858407,0.0201793721973094,0.0311804008908686,0.0044642857142857,0.0043859649122807,0.0153172866520788,0.0159453302961276,0.0230414746543779,0.0244444444444444,0.0021978021978022,0.0151515151515152,0.0089686098654708,0.0264900662251656,0.0217864923747277,0.0088691796008869,0.0044642857142857,0.0093896713615023,0.0296803652968037,0.0023866348448687,0.0048192771084337,0.0116009280742459,0.0092378752886836,0.0113895216400911,0.0045146726862302,0.0044843049327354,0.0316027088036117,0.0092592592592592
chr19,48258026,48258056,GLTSCR2,0.291948353875012,+,0.002024537318413,chr19_48258056_+,GLTSCR2_chr19_48258056_+,CAGGCCAGGGCGAGGGGCCGGAGGCTGGGG,NM_015710,,-507.0,cds,long_loop,ENST00000246802,0.0040160642570281,0.008130081300813,0.0452674897119342,0.0297872340425532,0.0,0.0,0.0232558139534884,0.0275590551181102,0.0119521912350598,0.0286885245901639,0.0224215246636771,0.0161943319838057,0.0082304526748971,0.0122950819672131,0.0085836909871244,0.0170212765957447,0.0040816326530612,0.0294117647058824,0.0,0.0040485829959514,0.0161290322580645,0.0078740157480315,0.0080645161290322,0.0081632653061224,0.0242914979757085,0.0042016806722689,0.0202429149797571,0.0120481927710843,0.0081632653061224,0.0235294117647059,0.012448132780083,0.0084388185654008,0.0292887029288703,0.0127659574468085,0.0121457489878543,0.0116279069767442,0.0116279069767442,0.0,0.0079681274900398,0.0126582278481013,0.0090497737556561,0.0685483870967742,0.0120481927710843,0.0240963855421687,0.015748031496063,0.0196078431372549,0.0080321285140562,0.032,0.0277777777777778,0.0123456790123457
chr16,2014568,2014598,RPS2,0.321142983017669,-,3.34e-06,chr16_2014568_-,RPS2_chr16_2014568_-,GCCCGGGGGCCCTGGTGGCCCTGGGATGGG,NM_002952,,-841.0,cds,long_loop,ENST00000343262,0.0038117335101093,0.0096432015429122,0.0019074868860276,0.0068998716302952,0.0076852136489394,0.0009175714941122,0.0024683231857824,0.0024929366794083,0.0016450074025333,0.0059974747474747,0.0064126744624669,0.0029148448886112,0.0227272727272727,0.001479946721918,0.0007303534910896,0.0021862702229995,0.0028060847732978,0.0062847120724934,0.0086102719033232,0.0045913682277318,0.0125397716638593,0.0057067603160667,0.0189918606311581,0.0021849963583394,0.0112609275448215,0.0408992023205221,0.0081839988711725,0.0042986101160624,0.0025743707093821,0.0361610633307271,0.0048131370328425,0.0039955910719206,0.0013879250520471,0.0030132858512532,0.0046684058766991,0.0045095828635851,0.0135884636716583,0.004009504009504,0.0015318200807687,0.0040877503747104,0.0100054083288264,0.0362658576944291,0.0143454038997214,0.0050697084917617,0.014739078475634,0.0013310262212165,0.0053727333781061,0.0018701576275714,0.0034391534391534,0.0239808153477218
chr16,2014568,2014598,RPS2,0.321142983017669,-,3.34e-06,chr16_2014568_-,RPS2_chr16_2014568_-,GCCCGGGGGCCCTGGTGGCCCTGGGATGGG,NM_002952,,-841.0,cds,long_loop,ENST00000529806,0.0082644628099173,0.0303867403314917,0.0162162162162162,0.0188679245283019,0.0232558139534884,0.0077319587628866,0.0251396648044693,0.0196078431372549,0.0028248587570621,0.0105820105820106,0.0176470588235294,0.0,0.0533333333333333,0.0,0.0150375939849624,0.0049382716049382,0.0149253731343284,0.0024937655860349,0.0428211586901763,0.0103092783505155,0.0618892508143322,0.005089058524173,0.0294840294840295,0.0,0.0267639902676399,0.0457831325301205,0.0192307692307692,0.0197530864197531,0.0024691358024691,0.0140845070422535,0.0,0.0094117647058823,0.0116550116550117,0.0093457943925233,0.0070921985815602,0.0072463768115942,0.0209302325581395,0.0049261083743842,0.0023529411764705,0.0070422535211267,0.0351288056206089,0.0377358490566038,0.0168674698795181,0.0144230769230769,0.0226244343891403,0.0068027210884353,0.0046082949308755,0.0,0.0184331797235023,0.0162412993039443
chr2,198351779,198351809,HSPD1,0.31943994908836,-,3.58e-05,chr2_198351779_-,HSPD1_chr2_198351779_-,GGTGGAATGGGAGGTGGTATGGGAGGTGGC,NM_002156,-42.0,-449.0,cds,long_loop,ENST00000388968,0.0100502512562814,0.0151898734177215,0.0135135135135135,0.0153061224489796,0.0172413793103448,0.015,0.0356294536817102,0.0147058823529412,0.0176767676767677,0.0074441687344913,0.0146699266503667,0.0049382716049382,0.0554216867469879,0.0096153846153846,0.0369458128078818,0.0473684210526316,0.0377358490566038,0.0516795865633075,0.0103359173126615,0.017156862745098,0.0147420147420147,0.0155440414507772,0.038961038961039,0.0078534031413612,0.0841584158415842,0.0122850122850123,0.0049382716049382,0.0179948586118252,0.009925558312655,0.0097087378640776,0.0096385542168674,0.0118764845605701,0.0119617224880383,0.0048780487804878,0.0049382716049382,0.009925558312655,0.0464547677261614,0.0097560975609756,0.0173267326732673,0.0201005025125628,0.0307692307692308,0.0554156171284635,0.052896725440806,0.018716577540107,0.0617283950617284,0.0098280098280098,0.0377358490566038,0.0095465393794749,0.0217917675544794,0.0471464019851117
chr3,53259748,53259778,TKT,0.708036393522784,-,1.6e-06,chr3_53259748_-,TKT_chr3_53259748_-,GCCTAGGGCGGGTATGAAGTGTGGGGCGGG,NM_001064,-8.0,,"cds,utr3",long_loop,ENST00000462138,0.0165912518853695,0.0119402985074627,0.0524737631184408,0.0278637770897833,0.0328638497652582,0.0385208012326656,0.0122887864823349,0.0137614678899083,0.0146818923327896,0.0109289617486339,0.0071428571428571,0.0066889632107023,0.0130505709624796,0.0108024691358025,0.0184563758389262,0.0203045685279188,0.0206349206349206,0.0241545893719807,0.0221870047543582,0.0303030303030303,0.0075757575757575,0.0227617602427921,0.0311475409836066,0.0064724919093851,0.0,0.0089686098654708,0.007587253414264,0.0201550387596899,0.0186046511627907,0.0507936507936508,0.0322061191626409,0.0529595015576324,0.0109204368174727,0.0,0.008,0.0164473684210526,0.0262295081967213,0.0268562401263823,0.0097402597402597,0.0049916805324459,0.0016949152542372,0.0051546391752577,0.0091743119266055,0.0051546391752577,0.0135135135135135,0.0124555160142349,0.0378378378378378,0.0528109028960818,0.0033333333333333,0.0228758169934641
chr9,131457467,131457497,SET,0.806794166001453,+,4.88e-09,chr9_131457497_+,SET_chr9_131457497_+,CAAAGGGTGGGTTTGAGATGTTTGGGTGGG,NM_001248001,0.0,-292.0,utr3,long_loop,ENST00000372692,0.0150375939849624,0.0,0.0233463035019455,0.0038167938931297,0.0196850393700787,0.015625,0.0354330708661417,0.0272373540856031,0.0260223048327138,0.0037037037037037,0.0,0.003690036900369,0.0,0.0181159420289855,0.0293040293040293,0.0108695652173913,0.0037174721189591,0.022140221402214,0.007380073800738,0.003731343283582,0.0447761194029851,0.025531914893617,0.0040160642570281,0.0340909090909091,0.0072727272727272,0.011070110701107,0.0335820895522388,0.0077519379844961,0.066147859922179,0.0197628458498024,0.0272373540856031,0.043956043956044,0.0144404332129964,0.0035714285714285,0.0106382978723404,0.0111524163568773,0.0259259259259259,0.0,0.0072992700729927,0.0113207547169811,0.026615969581749,0.010752688172043,0.0035460992907801,0.0,0.0070422535211267,0.0284697508896797,0.0071174377224199,0.0,0.0106007067137809,0.0176678445229682
chr17,79674419,79674449,MRPL12,0.332676534778981,+,1.43e-05,chr17_79674449_+,MRPL12_chr17_79674449_+,GCACAGACCTACTGTGGCGGGAGGGAGGGG,NM_002949,,-76.0,utr3,bulge,ENST00000333676,0.0089686098654708,0.0094117647058823,0.0051546391752577,0.016304347826087,0.015,0.0119617224880383,0.0446009389671361,0.0092165898617511,0.0067264573991031,0.0110132158590308,0.0067567567567567,0.0069284064665127,0.0091116173120728,0.0111856823266219,0.0023201856148491,0.0069930069930069,0.0185614849187935,0.0081967213114754,0.043956043956044,0.0335570469798658,0.0205949656750572,0.0091954022988505,0.0222222222222222,0.0044943820224719,0.0022271714922049,0.0021881838074398,0.0,0.0066964285714285,0.0021881838074398,0.0021691973969631,0.0,0.0,0.0297482837528604,0.0068807339449541,0.0044742729306487,0.0023696682464455,0.0143884892086331,0.0071942446043165,0.0120192307692308,0.0072815533980582,0.0221130221130221,0.0187793427230047,0.0046728971962616,0.0022371364653243,0.008714596949891,0.0086206896551724,0.0108225108225108,0.0043572984749455,0.0066518847006651,0.0044943820224719
chr17,7481853,7481883,EIF4A1,0.579204620985941,+,2.5e-06,chr17_7481883_+,EIF4A1_chr17_7481883_+,GAGGAGCAGCAGGAGGGGGGAGGGAAGGGA,NM_001416,0.0,-419.0,utr3,bulge,ENST00000293831,0.0180608365019011,0.0009041591320072,0.0051858254105445,0.0088339222614841,0.0009041591320072,0.0009242144177449,0.0,0.003731343283582,0.0036166365280289,0.0044052863436123,0.0008888888888888,0.0081818181818181,0.0009099181073703,0.0099818511796733,0.0009398496240601,0.0,0.001865671641791,0.0035938903863432,0.0009233610341643,0.0009380863039399,0.0028517110266159,0.0029940119760479,0.0009861932938856,0.0010266940451745,0.026694045174538,0.0010537407797681,0.0020366598778004,0.0040120361083249,0.002002002002002,0.0,0.0071065989847715,0.0112130479102956,0.0060975609756097,0.0010090817356205,0.0082815734989648,0.0080645161290322,0.0110998990918264,0.0061349693251533,0.0062630480167014,0.033195020746888,0.0124095139607032,0.0053475935828877,0.0211193241816262,0.00625,0.0053995680345572,0.0097508125677139,0.0043196544276457,0.0121681415929204,0.0129107981220657,0.0303030303030303
chrX,12995159,12995189,TMSB4X,0.656868231679925,+,6.62e-07,chrX_12995189_+,TMSB4X_chrX_12995189_+,GAAGAAGTGGGGTGGAAGAAGTGGGGTGGG,NM_021109,-56.0,,utr3,bulge,ENST00000451311,0.0142410015649452,0.0114026866604186,0.0120066036319976,0.004016661707825,0.0073695292525191,0.0616013319206902,0.0038290703017307,0.0044642857142857,0.0117845117845118,0.0104374520337682,0.0091799265605875,0.0070455612963832,0.014054707571407,0.0079656862745098,0.0179538771088067,0.0259162705106579,0.0069073783359497,0.0189239912417892,0.0198545013640497,0.0022686025408348,0.0051569846807219,0.0037815761609438,0.0260011954572624,0.0029940119760479,0.0051227964441765,0.0074743070694487,0.0090825123152709,0.0045886075949367,0.0131558091615153,0.0131434830230011,0.0078287266336475,0.0170051960321209,0.0118217641709609,0.003634161114476,0.0049344641480339,0.0024683739586547,0.0245454545454545,0.009507998792635,0.0061406202026404,0.012128949888286,0.006956226671191,0.0317972350230415,0.0093976274842089,0.0158881474420083,0.0225655005300621,0.002896783046196,0.0192009910188913,0.046432440798638,0.0117410783253515,0.0279566514842155
chr12,111180519,111180549,PPP1CC,0.63812745486877,-,7.86e-06,chr12_111180519_-,PPP1CC_chr12_111180519_-,CGGCGCCGCTGCGGGAGGGTCGGCGGTGGG,NM_002710,-1394.0,-1385.0,utr5,bulge,ENST00000335007,0.0042372881355932,0.0213675213675214,0.0088888888888888,0.0044642857142857,0.054726368159204,0.0175438596491228,0.0,0.0170940170940171,0.033195020746888,0.0169491525423729,0.0167364016736402,0.0123456790123457,0.0209205020920502,0.0174672489082969,0.0217391304347826,0.025974025974026,0.0223214285714286,0.0,0.0119047619047619,0.0321285140562249,0.024390243902439,0.0164609053497942,0.0237154150197628,0.0039215686274509,0.0118110236220472,0.0122448979591837,0.0120481927710843,0.0041322314049586,0.0121951219512195,0.040983606557377,0.0120481927710843,0.0231660231660232,0.0076628352490421,0.0191570881226054,0.0114503816793893,0.0038022813688212,0.0300751879699248,0.0037453183520599,0.0,0.0159362549800797,0.0208333333333333,0.0223880597014925,0.0190839694656489,0.0150375939849624,0.0366300366300366,0.0037453183520599,0.0185873605947955,0.0256410256410256,0.0111111111111111,0.003731343283582
chr1,6246453,6246483,RPL22,0.66372833188242,-,9.74e-07,chr1_6246453_-,RPL22_chr1_6246453_-,GGGAGGCAGATGCGGGTGTGGAGGTGTGGG,NM_000983,173.0,-1339.0,utr3,bulge,ENST00000234875,0.0178173719376392,0.0058479532163742,0.0161616161616162,0.0020366598778004,0.0119521912350598,0.0125260960334029,0.0018903591682419,0.0340909090909091,0.0559701492537313,0.0036630036630036,0.0018348623853211,0.0076045627376425,0.0019685039370078,0.0091743119266055,0.0375586854460094,0.0118483412322275,0.002262443438914,0.0043859649122807,0.0131291028446389,0.0522875816993464,0.0207547169811321,0.0208333333333333,0.0155339805825243,0.0037878787878787,0.0098231827111984,0.0102040816326531,0.0019646365422396,0.003883495145631,0.0,0.0019157088122605,0.0059171597633136,0.0285087719298246,0.0290178571428571,0.0154525386313466,0.0584677419354839,0.0039215686274509,0.0576923076923077,0.0055555555555555,0.0167910447761194,0.0175097276264591,0.0152963671128107,0.0126582278481013,0.0092421441774491,0.0,0.0057034220532319,0.0238095238095238,0.0139720558882236,0.053388090349076,0.0154440154440154,0.0082135523613963
chr11,64085662,64085692,PRDX5,0.448588151254083,+,1.45e-07,chr11_64085692_+,PRDX5_chr11_64085692_+,GAGTGGAAGTGGCCGTGGGGCGGGTATGGG,NM_012094,,-736.0,"cds,utr5",bulge,ENST00000265462,0.0141242937853107,0.0299727520435967,0.0142857142857143,0.0232558139534884,0.0215633423180593,0.0057636887608069,0.0294117647058824,0.009009009009009,0.0027855153203342,0.0079575596816976,0.0074441687344913,0.0154639175257732,0.0155844155844156,0.0174563591022444,0.03125,0.0165094339622642,0.0217917675544794,0.0023584905660377,0.0098280098280098,0.0226700251889169,0.0238663484486874,0.0023923444976076,0.0162790697674419,0.0206896551724138,0.0185614849187935,0.028169014084507,0.0303738317757009,0.0044943820224719,0.0135746606334842,0.0139211136890951,0.0114942528735632,0.0110619469026549,0.0044642857142857,0.0045766590389016,0.0189125295508274,0.0046082949308755,0.03125,0.0262008733624454,0.0130434782608696,0.022271714922049,0.0373831775700935,0.0197044334975369,0.0456730769230769,0.008695652173913,0.0043103448275862,0.0089285714285714,0.0198237885462555,0.0042735042735042,0.0043572984749455,0.0043668122270742
chr12,54676379,54676409,HNRNPA1,0.476526342687297,+,9.3e-06,chr12_54676409_+,HNRNPA1_chr12_54676409_+,GGTGGTGGTCGTGGAGGTGGTTTCGGTGGG,NM_002136,-343.0,-645.0,cds,bulge,ENST00000546500,0.0049079754601227,0.0084745762711864,0.0062034739454094,0.0264817150063052,0.0087719298245614,0.0216284987277354,0.0076238881829733,0.0171503957783641,0.0433070866141732,0.0161892901618929,0.0024420024420024,0.0134146341463415,0.0166865315852205,0.0024096385542168,0.011015911872705,0.0086419753086419,0.0024875621890547,0.0276381909547739,0.0065530799475753,0.0149068322981366,0.0,0.0288461538461538,0.0035460992907801,0.007125890736342,0.0036630036630036,0.0049566294919454,0.0012391573729863,0.0290909090909091,0.0036319612590799,0.0303413400758533,0.0217687074829932,0.0223978919631094,0.0180645161290323,0.0098159509202454,0.0060240963855421,0.0145454545454545,0.0760736196319018,0.0099132589838909,0.0130641330166271,0.0060024009603841,0.0250941028858218,0.0152671755725191,0.0197044334975369,0.013715710723192,0.0320102432778489,0.0,0.0136307311028501,0.0108958837772397,0.0035928143712574,0.0316301703163017
chr13,31035540,31035570,HMGB1,0.365117568951455,-,1.96e-05,chr13_31035540_-,HMGB1_chr13_31035540_-,GGAAGATGAAGAGGATGAGGAGGAGGAGGA,NM_002128,-105.0,-486.0,cds,2-quartet,ENST00000341423,0.00836820083682,0.0122950819672131,0.012448132780083,0.00418410041841,0.032520325203252,0.0084745762711864,0.0176211453744493,0.0327868852459016,0.0040160642570281,0.0040322580645161,0.0079365079365079,0.0,0.0125523012552301,0.04149377593361,0.0043478260869565,0.0,0.0333333333333333,0.0040322580645161,0.016,0.036,0.0204081632653061,0.004149377593361,0.0,0.0040322580645161,0.004149377593361,0.0163265306122449,0.0040322580645161,0.0,0.0079681274900398,0.0,0.0,0.0358565737051793,0.0,0.0040485829959514,0.0,0.0039840637450199,0.0,0.0,0.0,0.0039682539682539,0.0155642023346304,0.0,0.0210970464135021,0.0196078431372549,0.0,0.003875968992248,0.0077519379844961,0.0038610038610038,0.01171875,0.0194552529182879
chr19,40331270,40331300,FBL,0.818467630530957,-,7.44e-06,chr19_40331270_-,FBL_chr19_40331270_-,GGAGGTGGAGGCGGCGGCGGCGGTGGAGGA,NM_001436,,-860.0,cds,2-quartet,ENST00000221801,0.0185185185185185,0.0,0.0133928571428571,0.0,0.0394088669950739,0.0046511627906976,0.004524886877828,0.0,0.0221238938053097,0.0,0.0135135135135135,0.0089285714285714,0.0045454545454545,0.0176211453744493,0.0173160173160173,0.0168067226890756,0.00418410041841,0.0043668122270742,0.0,0.0088105726872246,0.008695652173913,0.0214592274678112,0.00836820083682,0.0126582278481013,0.0502092050209205,0.0246913580246914,0.0126050420168067,0.0291666666666667,0.0285714285714286,0.0,0.0242914979757085,0.0040322580645161,0.0,0.0203252032520325,0.0284552845528455,0.0245901639344262,0.0042372881355932,0.0826446280991736,0.0,0.0170940170940171,0.0126582278481013,0.0084388185654008,0.0084388185654008,0.00836820083682,0.0041152263374485,0.0041322314049586,0.0040650406504065,0.0040650406504065,0.0318725099601594,0.016597510373444
chr12,16500635,16500733,MGST1,0.424404420625542,+,0.000738777704217,chr12_16500733_+,MGST1_chr12_16500733_+,GGCCTCACCATTCCAGACCAAAATTGAAAA,NM_020300,,-818.0,utr5,Others,ENST00000396210,0.0186046511627907,0.0093023255813953,0.0280373831775701,0.0430622009569378,0.0865384615384615,0.0596330275229358,0.0144927536231884,0.0318181818181818,0.0,0.0327868852459016,0.0246913580246914,0.0130434782608696,0.0087719298245614,0.0411522633744856,0.008,0.0153256704980843,0.0581395348837209,0.0348837209302326,0.0308880308880309,0.0112781954887218,0.0188679245283019,0.0267175572519084,0.0386100386100386,0.004,0.0307692307692308,0.0115384615384615,0.0193050193050193,0.0155038759689922,0.0039215686274509,0.0152671755725191,0.0190839694656489,0.0074074074074074,0.0363636363636364,0.0415094339622641,0.0293040293040293,0.0074906367041198,0.0075471698113207,0.0343511450381679,0.0152091254752852,0.0147058823529412,0.0613718411552347,0.0272373540856031,0.102272727272727,0.0076335877862595,0.0113636363636364,0.0154440154440154,0.0541516245487365,0.0191570881226054,0.0238095238095238,0.0118110236220472
chr12,16500625,16500723,MGST1,0.306108400115981,+,0.001144783367966,chr12_16500723_+,MGST1_chr12_16500723_+,CCTCCTCCTCGGCCTCACCATTCCAGACCA,NM_020300,,-828.0,utr5,Others,ENST00000396210,0.0045454545454545,0.0084745762711864,0.025,0.0126582278481013,0.0212765957446809,0.0289256198347107,0.00418410041841,0.0173160173160173,0.024896265560166,0.0128755364806867,0.0186046511627907,0.0093023255813953,0.0280373831775701,0.0430622009569378,0.0865384615384615,0.0596330275229358,0.0144927536231884,0.0318181818181818,0.0,0.0327868852459016,0.0246913580246914,0.0130434782608696,0.0087719298245614,0.0411522633744856,0.008,0.0153256704980843,0.0581395348837209,0.0348837209302326,0.0308880308880309,0.0112781954887218,0.0188679245283019,0.0267175572519084,0.0386100386100386,0.004,0.0307692307692308,0.0115384615384615,0.0193050193050193,0.0155038759689922,0.0039215686274509,0.0152671755725191,0.0190839694656489,0.0074074074074074,0.0363636363636364,0.0415094339622641,0.0293040293040293,0.0074906367041198,0.0075471698113207,0.0343511450381679,0.0152091254752852,0.0147058823529412
