,0,1,2,3,4,5,6,7,8,9,10,11,12,13,14,15,16,17,18,19,20,21,22,23,24,25,26,27,28,29,30,31,32,33,34,35,36,37,38,39,40,41,42,43,44,45,46,47,48,49
ENST00000234875GGGAGGCAGATGCGGGTGTGGAGGTGTGGG,0.0088691796008869,0.0,0.018796992481203,0.0038095238095238,0.0059642147117296,0.0287474332648871,0.0,0.0454545454545455,0.0233393177737881,0.0017605633802816,0.0089126559714795,0.0037593984962406,0.0039138943248532,0.0022675736961451,0.0389908256880734,0.0117924528301887,0.006578947368421,0.0042372881355932,0.0020408163265306,0.0404858299595142,0.0220183486238532,0.0054151624548736,0.0113421550094518,0.0092421441774491,0.0056285178236397,0.0074906367041198,0.0057142857142857,0.0018518518518518,0.0018587360594795,0.0053859964093357,0.0055452865064695,0.0183673469387755,0.0249480249480249,0.0060728744939271,0.0359848484848485,0.0038095238095238,0.033457249070632,0.0071813285457809,0.0218181818181818,0.0019120458891013,0.0110294117647059,0.0087260034904014,0.0017761989342806,0.0058708414872798,0.0091407678244972,0.0173745173745174,0.0114503816793893,0.046,0.0113207547169811,0.0096153846153846
ENST00000462138GCCTAGGGCGGGTATGAAGTGTGGGGCGGG,0.0264462809917355,0.0099502487562189,0.043261231281198,0.0428082191780822,0.0320855614973262,0.0172711571675302,0.0137221269296741,0.0136286201022147,0.0127970749542962,0.0105932203389831,0.0103734439834025,0.0116504854368932,0.0240740740740741,0.0102040816326531,0.0092764378478664,0.0190114068441065,0.0105263157894737,0.0160142348754448,0.0233393177737881,0.0222222222222222,0.0051194539249146,0.0051903114186851,0.0337477797513321,0.0036630036630036,0.0033783783783783,0.0100840336134454,0.0051457975986277,0.0295138888888889,0.0189655172413793,0.0544464609800363,0.0353817504655493,0.0599647266313933,0.0124113475177305,0.0070546737213403,0.0036764705882352,0.0093109869646182,0.0381818181818182,0.0328151986183074,0.0127970749542962,0.0075614366729678,0.0119284294234592,0.004,0.0065217391304347,0.01417004048583,0.0116959064327485,0.0122950819672131,0.0509554140127389,0.056420233463035,0.0019569471624266,0.0317164179104478
ENST00000293831GAGGAGCAGCAGGAGGGGGGAGGGAAGGGA,0.0251322751322751,0.0049689440993788,0.0116550116550117,0.0059453032104637,0.0012210012210012,0.0,0.0,0.0050632911392405,0.0012210012210012,0.0071174377224199,0.0071942446043165,0.0012269938650306,0.0,0.0012360939431396,0.0,0.0012755102040816,0.0012836970474967,0.0036764705882352,0.0024906600249066,0.0012706480304955,0.0039893617021276,0.0028089887640449,0.0013812154696132,0.0028571428571428,0.0272206303724928,0.0,0.0,0.0,0.0042134831460674,0.0055325034578146,0.0043103448275862,0.01,0.0028490028490028,0.0,0.0189228529839884,0.007072135785007,0.0211267605633803,0.0101449275362319,0.0196078431372549,0.0474777448071217,0.0103397341211226,0.0182926829268293,0.0279411764705882,0.004341534008683,0.0077399380804953,0.0064412238325281,0.0047770700636942,0.0,0.0069204152249135,0.0204081632653061
ENST00000309311TAATGGGCCGGTCGGGGAGGGGGAGGCGGG,0.0168776371308017,0.0058823529411764,0.0,0.0020242914979757,0.0377073906485671,0.0029850746268656,0.0088626292466765,0.0096,0.003076923076923,0.0117820324005891,0.0174927113702624,0.0154277699859748,0.0137931034482759,0.0043103448275862,0.0100143061516452,0.012396694214876,0.0216450216450216,0.004341534008683,0.0098730606488011,0.0,0.0103244837758112,0.003062787136294,0.0173160173160173,0.0068306010928961,0.0,0.0027472527472527,0.0013698630136986,0.005610098176718,0.0330123796423659,0.0027510316368638,0.0,0.0041265474552957,0.0068775790921595,0.004225352112676,0.0142045454545455,0.0028530670470756,0.0014084507042253,0.0151098901098901,0.0013986013986014,0.0,0.001564945226917,0.0155367231638418,0.0068775790921595,0.0055710306406685,0.0130813953488372,0.0487062404870624,0.0411392405063291,0.0362438220757825,0.0033670033670033,0.0833333333333333
ENST00000341423GGAAGATGAAGAGGATGAGGAGGAGGAGGA,0.0092592592592592,0.0,0.0135746606334842,0.004739336492891,0.0271493212669683,0.0047169811320754,0.0095693779904306,0.0391304347826087,0.0043290043290043,0.0043290043290043,0.0170940170940171,0.0086580086580086,0.009009009009009,0.0175438596491228,0.0044444444444444,0.0,0.0220264317180617,0.0043290043290043,0.0088105726872246,0.038961038961039,0.0045045045045045,0.0045871559633027,0.0043859649122807,0.0042918454935622,0.0044444444444444,0.025974025974026,0.0086580086580086,0.0,0.008695652173913,0.0214592274678112,0.0044247787610619,0.0043478260869565,0.0043478260869565,0.0,0.0,0.0,0.0,0.0085470085470085,0.0042918454935622,0.0,0.0042735042735042,0.0,0.0269058295964126,0.020746887966805,0.004149377593361,0.0211864406779661,0.020746887966805,0.0043290043290043,0.0177777777777778,0.0258620689655172
ENST00000546500GGTGGTGGTCGTGGAGGTGGTTTCGGTGGG,0.0015151515151515,0.0045045045045045,0.0030395136778115,0.0376175548589342,0.0106707317073171,0.0200308166409861,0.0030534351145038,0.0250783699059561,0.0406885758998435,0.0118343195266272,0.0043352601156069,0.0028985507246376,0.0114613180515759,0.0,0.0072674418604651,0.002932551319648,0.0,0.0151515151515152,0.0063391442155309,0.0117647058823529,0.0029154518950437,0.0131578947368421,0.0057971014492753,0.0058479532163742,0.0060422960725075,0.0,0.0120845921450151,0.0341753343239227,0.0058394160583941,0.0154798761609907,0.0133111480865225,0.0293159609120521,0.0080385852090032,0.0191458026509573,0.0119581464872945,0.0107361963190184,0.0690184049079755,0.013719512195122,0.0120481927710843,0.0030581039755351,0.0186915887850467,0.0061633281972265,0.0134529147982063,0.0092165898617511,0.0297339593114241,0.0,0.0105263157894737,0.003030303030303,0.0029717682020802,0.0297619047619048
ENST00000388968GGTGGAATGGGAGGTGGTATGGGAGGTGGC,0.0,0.014367816091954,0.0,0.0,0.0140056022408964,0.0112044817927171,0.0195530726256983,0.0113636363636364,0.0172910662824208,0.0226628895184136,0.011142061281337,0.0084033613445378,0.0558659217877095,0.0084269662921348,0.0338028169014084,0.033434650455927,0.0498442367601246,0.0410094637223975,0.0184615384615385,0.0085959885386819,0.0200573065902579,0.0147058823529412,0.0294985250737463,0.0059523809523809,0.0816901408450704,0.0142857142857143,0.0059347181008902,0.0179640718562874,0.0170454545454545,0.0056338028169014,0.0194444444444444,0.0137741046831956,0.0056980056980057,0.0201149425287356,0.0172910662824208,0.0057803468208092,0.0598290598290598,0.0143266475644699,0.0087209302325581,0.0179640718562874,0.0358208955223881,0.0439882697947214,0.043859649122807,0.021671826625387,0.0366197183098592,0.0141242937853107,0.0362116991643454,0.0194444444444444,0.0056657223796034,0.056657223796034
ENST00000394936TTGTTTGGGGTTCTGTGGGTTTGGGTGGGA,0.0134680134680135,0.0126984126984127,0.019047619047619,0.0903426791277259,0.0374149659863946,0.0303030303030303,0.0814814814814815,0.0,0.0274914089347079,0.0766550522648084,0.0529801324503311,0.0342679127725857,0.012779552715655,0.0548387096774194,0.0695364238410596,0.0123076923076923,0.014792899408284,0.003012048192771,0.0189873417721519,0.0267558528428094,0.0515873015873016,0.049618320610687,0.0,0.0206489675516224,0.0149700598802395,0.024390243902439,0.0060975609756097,0.0148809523809524,0.0119402985074627,0.0153846153846154,0.0092592592592592,0.0235294117647059,0.0087463556851312,0.0086455331412103,0.0029411764705882,0.0263157894736842,0.0202898550724638,0.0086455331412103,0.0,0.0151975683890578,0.00920245398773,0.0128617363344051,0.012987012987013,0.0064102564102564,0.0031446540880503,0.0061538461538461,0.0090634441087613,0.0216049382716049,0.0212765957446809,0.0123456790123457
ENST00000333676GCACAGACCTACTGTGGCGGGAGGGAGGGG,0.0160427807486631,0.0055555555555555,0.0092592592592592,0.0302013422818792,0.0185758513931889,0.0086705202312138,0.0383561643835616,0.0053475935828877,0.0079787234042553,0.0159574468085106,0.0,0.0054945054945054,0.0,0.0,0.0,0.0,0.0137362637362637,0.0094936708860759,0.0373333333333333,0.0192837465564738,0.0136986301369863,0.0163487738419619,0.0187667560321716,0.0053763440860215,0.0106100795755968,0.0106951871657754,0.0079365079365079,0.0212765957446809,0.0025575447570332,0.0025706940874036,0.0,0.0,0.0382513661202186,0.0055710306406685,0.0054794520547945,0.005813953488372,0.014792899408284,0.0029761904761904,0.0059347181008902,0.0146627565982405,0.0170454545454545,0.0189189189189189,0.008,0.0,0.0259067357512953,0.0025706940874036,0.0130208333333333,0.0105540897097625,0.0107816711590297,0.0162162162162162
ENST00000343262GCCCGGGGGCCCTGGTGGCCCTGGGATGGG,0.0039018045846203,0.0105979120531477,0.0012466884837151,0.0069019607843137,0.0060551014229488,0.0022546219750488,0.0011604774535809,0.0020294266869609,0.0018385425371887,0.0040797112819708,0.0063206282321394,0.0021505376344086,0.0201845444059977,0.0013125273443196,0.0008659258190215,0.0026007802340702,0.001330376940133,0.0070134424313267,0.0077672860188851,0.0033919210607462,0.0112296462661426,0.0046797309154723,0.0160648279783907,0.0037746806039489,0.0078541790160047,0.0334642805179689,0.007361268403171,0.0024488619994238,0.0018670113456843,0.0296252697665293,0.003399433427762,0.0031724137931034,0.0014019346698443,0.0012486126526082,0.0028997514498757,0.0045223289994347,0.0154660721750035,0.0031171144426302,0.0022532037741163,0.0040011037527593,0.0087936246221489,0.0371356502242152,0.0160625444207534,0.0053437319468515,0.0128517316017316,0.0018822264049475,0.006015859994531,0.0014988418040605,0.0040507696462327,0.0211027910142954
ENST00000265462GAGTGGAAGTGGCCGTGGGGCGGGTATGGG,0.003030303030303,0.0265486725663717,0.0220125786163522,0.0125786163522013,0.0332409972299169,0.003012048192771,0.0214067278287462,0.0092879256965944,0.0,0.016260162601626,0.0182291666666667,0.0083333333333333,0.0054945054945054,0.0026385224274406,0.0200501253132832,0.0221130221130221,0.0232558139534884,0.0024875621890547,0.0,0.0186170212765957,0.0252525252525253,0.0125,0.0143540669856459,0.027906976744186,0.0118203309692671,0.0287081339712919,0.0119331742243437,0.0023529411764705,0.0142857142857143,0.0119904076738609,0.0024271844660194,0.0305882352941176,0.0095465393794749,0.009925558312655,0.0229591836734694,0.0122249388753056,0.037122969837587,0.0022675736961451,0.006787330316742,0.0227272727272727,0.0210772833723653,0.0172839506172839,0.0555555555555556,0.0089285714285714,0.0044052863436123,0.0182232346241458,0.0154867256637168,0.0021978021978022,0.0090702947845805,0.0160183066361556
ENST00000264552TTATGGCTGGGGTCGGGGAGGGTACAGGGG,0.032520325203252,0.0252252252252252,0.0284757118927973,0.0261780104712042,0.0488245931283906,0.045531197301855,0.0207667731629393,0.001577287066246,0.0154083204930663,0.0113268608414239,0.0051457975986277,0.0170357751277683,0.0034843205574912,0.0031645569620253,0.0063795853269537,0.0015898251192368,0.0063291139240506,0.0032520325203252,0.0015822784810126,0.0016233766233766,0.0102915951972556,0.0034843205574912,0.0108499095840868,0.0033167495854063,0.001628664495114,0.0033167495854063,0.0142602495543672,0.0075757575757575,0.0127659574468085,0.0061349693251533,0.0063291139240506,0.0085106382978723,0.0170940170940171,0.0018761726078799,0.001841620626151,0.0072332730560578,0.0070796460176991,0.0247148288973384,0.0214424951267057,0.009861932938856,0.0040899795501022,0.0082135523613963,0.0040650406504065,0.0159680638722555,0.0020449897750511,0.0058479532163742,0.002016129032258,0.0065075921908893,0.0184331797235023,0.0106382978723404
ENST00000246802CAGGCCAGGGCGAGGGGCCGGAGGCTGGGG,0.0088105726872246,0.004524886877828,0.0319634703196347,0.0180995475113122,0.0043668122270742,0.0,0.0081632653061224,0.0450819672131148,0.0213675213675214,0.0267857142857143,0.0334928229665072,0.0127118644067797,0.021551724137931,0.0131004366812227,0.0,0.0193236714975845,0.0043290043290043,0.0349344978165939,0.004149377593361,0.0082644628099173,0.012448132780083,0.0,0.012987012987013,0.0133333333333333,0.0221238938053097,0.0089285714285714,0.0357142857142857,0.0218340611353712,0.0176211453744493,0.0294117647058824,0.0210970464135021,0.0089686098654708,0.0133333333333333,0.0088888888888888,0.0084745762711864,0.008130081300813,0.0040816326530612,0.0040816326530612,0.0204081632653061,0.0085470085470085,0.0046728971962616,0.05,0.0041666666666666,0.012396694214876,0.0203252032520325,0.0165289256198347,0.0083333333333333,0.025,0.0289256198347107,0.0085106382978723
ENST00000396210CCTCCTCCTCGGCCTCACCATTCCAGACCA,0.0,0.02734375,0.0079365079365079,0.015748031496063,0.012,0.0197628458498024,0.0,0.0173160173160173,0.0084388185654008,0.0212765957446809,0.018348623853211,0.014018691588785,0.0363636363636364,0.0185185185185185,0.0772727272727273,0.0497737556561086,0.0361990950226244,0.0297872340425532,0.0081632653061224,0.027027027027027,0.0115384615384615,0.0078431372549019,0.0079365079365079,0.038135593220339,0.0234375,0.0263157894736842,0.0269230769230769,0.0378787878787879,0.0037593984962406,0.0320284697508897,0.0182481751824818,0.0254545454545455,0.0615384615384615,0.0,0.0183150183150183,0.0074626865671641,0.0304182509505703,0.018796992481203,0.0118110236220472,0.0078125,0.0190839694656489,0.0070671378091872,0.0577617328519856,0.0836501901140684,0.025830258302583,0.007380073800738,0.0338345864661654,0.0346153846153846,0.0077220077220077,0.0148698884758364
ENST00000396210GGCCTCACCATTCCAGACCAAAATTGAAAA,0.018348623853211,0.014018691588785,0.0363636363636364,0.0185185185185185,0.0772727272727273,0.0497737556561086,0.0361990950226244,0.0297872340425532,0.0081632653061224,0.027027027027027,0.0115384615384615,0.0078431372549019,0.0079365079365079,0.038135593220339,0.0234375,0.0263157894736842,0.0269230769230769,0.0378787878787879,0.0037593984962406,0.0320284697508897,0.0182481751824818,0.0254545454545455,0.0615384615384615,0.0,0.0183150183150183,0.0074626865671641,0.0304182509505703,0.018796992481203,0.0118110236220472,0.0078125,0.0190839694656489,0.0070671378091872,0.0577617328519856,0.0836501901140684,0.025830258302583,0.007380073800738,0.0338345864661654,0.0346153846153846,0.0077220077220077,0.0148698884758364,0.049645390070922,0.0381679389312977,0.082089552238806,0.0037453183520599,0.0145985401459854,0.0037037037037037,0.0594405594405594,0.0,0.0228136882129278,0.0182481751824818
ENST00000451311GAAGAAGTGGGGTGGAAGAAGTGGGGTGGG,0.0114075792730085,0.0130593431918571,0.0151324085750315,0.0058928571428571,0.0061493941038162,0.0600545950864422,0.0025873221216041,0.0031686859273066,0.0070305272895467,0.0081723625557206,0.0081345904973192,0.0092943854324734,0.0119004027828634,0.0076279069767441,0.0164150943396226,0.0296680882625626,0.0055459934978007,0.023384030418251,0.0201244054152945,0.0021845985800109,0.0040485829959514,0.0021973997436367,0.0236036036036036,0.00340440781222,0.0074033947273383,0.006215859860614,0.0082150858849888,0.0029228371005456,0.0113214913136834,0.0102564102564103,0.0079782058766296,0.0154112887690233,0.0185423168716725,0.0021917808219178,0.0039047973224246,0.0022259321090706,0.0204646017699115,0.0093526499174766,0.007532956685499,0.0116693037974684,0.0068463842533162,0.0284857571214393,0.0088213213213213,0.0144927536231884,0.0209558823529412,0.003858166452324,0.0149393090569561,0.0489457831325301,0.0095630976936058,0.0217349857006673
ENST00000358227TGATGGGGGCGGGCGGGTACGTGTACTGGG,0.0111111111111111,0.0,0.0304182509505703,0.016260162601626,0.018796992481203,0.003875968992248,0.0081632653061224,0.0042553191489361,0.0126582278481013,0.0076923076923076,0.0075187969924812,0.0,0.0037453183520599,0.0182481751824818,0.0036764705882352,0.0036101083032491,0.0144404332129964,0.0036101083032491,0.0073260073260073,0.0185185185185185,0.0109489051094891,0.0109090909090909,0.0,0.0074626865671641,0.0073260073260073,0.0036630036630036,0.0072992700729927,0.00390625,0.0121951219512195,0.032,0.016,0.1015625,0.029045643153527,0.0206611570247934,0.0181159420289855,0.0107913669064748,0.0142857142857143,0.0,0.0109090909090909,0.003690036900369,0.011070110701107,0.0074906367041198,0.0148698884758364,0.0111524163568773,0.0225563909774436,0.0190114068441065,0.0229007633587786,0.0,0.0076335877862595,0.0291970802919708
ENST00000358227TCTGGGTTGGGGCTGATGGGGGCGGGCGGG,0.0039525691699604,0.0305343511450382,0.0037735849056603,0.0342205323193916,0.0,0.014760147601476,0.0074906367041198,0.0,0.0,0.0840336134453782,0.0129310344827586,0.0160642570281124,0.011070110701107,0.0111111111111111,0.0,0.0304182509505703,0.016260162601626,0.018796992481203,0.003875968992248,0.0081632653061224,0.0042553191489361,0.0126582278481013,0.0076923076923076,0.0075187969924812,0.0,0.0037453183520599,0.0182481751824818,0.0036764705882352,0.0036101083032491,0.0144404332129964,0.0036101083032491,0.0073260073260073,0.0185185185185185,0.0109489051094891,0.0109090909090909,0.0,0.0074626865671641,0.0073260073260073,0.0036630036630036,0.0072992700729927,0.00390625,0.0121951219512195,0.032,0.016,0.1015625,0.029045643153527,0.0206611570247934,0.0181159420289855,0.0107913669064748,0.0142857142857143
ENST00000391851GTTTTAGGGGCCTGGGCTGGGGGGATGGGG,0.01,0.0170068027210884,0.0186567164179104,0.0038022813688212,0.0183150183150183,0.0122448979591837,0.0199203187250996,0.0039215686274509,0.0111940298507463,0.0074626865671641,0.0075757575757575,0.0168776371308017,0.0502092050209205,0.0128755364806867,0.0,0.011070110701107,0.0212014134275618,0.0176056338028169,0.0142348754448399,0.0,0.0146520146520147,0.0224719101123595,0.0249110320284698,0.003731343283582,0.0,0.0152671755725191,0.0037593984962406,0.0103806228373702,0.0070921985815602,0.0,0.0121457489878543,0.004,0.0,0.0269058295964126,0.0145631067961165,0.0366300366300366,0.0074906367041198,0.0,0.0155038759689922,0.0,0.0042553191489361,0.0041322314049586,0.0042016806722689,0.0271317829457364,0.0075757575757575,0.0077821011673151,0.0278884462151394,0.0282258064516129,0.0168776371308017,0.0082644628099173
