chr,start,end,gene,rts_value,strand,p.value,location,gene_location,sequence,transcript,miRNA_dists,polyA_dists,annotation,class,ENST,0,1,2,3,4,5,6,7,8,9,10,11,12,13,14,15,16,17,18,19,20,21,22,23,24,25,26,27,28,29,30,31,32,33,34,35,36,37,38,39,40,41,42,43,44,45,46,47,48,49
chr19,55912695,55912725,UBE2S,0.440789151,-,7.05E-06,chr19_55912695_-,UBE2S_chr19_55912695_-,TATGGCTGGGGTCGGGGAGGGTACAGGGGG,NM_014501,,-27,utr3,PQs_7,ENST00000264552,0.025225225,0.028475712,0.02617801,0.048824593,0.045531197,0.020766773,0.001577287,0.01540832,0.011326861,0.005145798,0.017035775,0.003484321,0.003164557,0.006379585,0.001589825,0.006329114,0.003252033,0.001582278,0.001623377,0.010291595,0.003484321,0.01084991,0.00331675,0.001628664,0.00331675,0.01426025,0.007575758,0.012765957,0.006134969,0.006329114,0.008510638,0.017094017,0.001876173,0.001841621,0.007233273,0.007079646,0.024714829,0.021442495,0.009861933,0.00408998,0.008213552,0.004065041,0.015968064,0.00204499,0.005847953,0.002016129,0.006507592,0.01843318,0.010638298,0.022267206
chr10,73576512,73576542,PSAP,0.871918745,-,7.18E-10,chr10_73576512_-,PSAP_chr10_73576512_-,TTGTTTGGGGTTCTGTGGGTTTGGGTGGGA,NM_002778,-16,-437,utr3,PQs_7,ENST00000394936,0.013468013,0.012698413,0.019047619,0.090342679,0.037414966,0.03030303,0.081481481,0,0.027491409,0.076655052,0.052980132,0.034267913,0.012779553,0.05483871,0.069536424,0.012307692,0.014792899,0.003012048,0.018987342,0.026755853,0.051587302,0.049618321,0,0.020648968,0.01497006,0.024390244,0.006097561,0.014880952,0.011940299,0.015384615,0.009259259,0.023529412,0.008746356,0.008645533,0.002941176,0.026315789,0.020289855,0.008645533,0,0.015197568,0.009202454,0.012861736,0.012987013,0.006410256,0.003144654,0.006153846,0.009063444,0.021604938,0.021276596,0.012345679
chr19,3976294,3976324,EEF2,0.946295838,-,2.70E-09,chr19_3976294_-,EEF2_chr19_3976294_-,TAATGGGCCGGTCGGGGAGGGGGAGGCGGG,NM_001961,-70,-219,utr3,PQs_7,ENST00000309311,0.016877637,0.005882353,0,0.002024291,0.037707391,0.002985075,0.008862629,0.0096,0.003076923,0.011782032,0.017492711,0.01542777,0.013793103,0.004310345,0.010014306,0.012396694,0.021645022,0.004341534,0.009873061,0,0.010324484,0.003062787,0.017316017,0.006830601,0,0.002747253,0.001369863,0.005610098,0.03301238,0.002751032,0,0.004126547,0.006877579,0.004225352,0.014204545,0.002853067,0.001408451,0.01510989,0.001398601,0,0.001564945,0.015536723,0.006877579,0.005571031,0.013081395,0.04870624,0.041139241,0.036243822,0.003367003,0.083333333
chr9,7799546,7799576,C9orf123,0.597706251,-,7.51E-07,chr9_7799546_-,C9orf123_chr9_7799546_-,TCTGGGTTGGGGCTGATGGGGGCGGGCGGG,NM_033428,,-2199,cds,PQs_7,ENST00000358227,0.003952569,0.030534351,0.003773585,0.034220532,0,0.014760148,0.007490637,0,0,0.084033613,0.012931034,0.016064257,0.011070111,0.011111111,0,0.030418251,0.016260163,0.018796992,0.003875969,0.008163265,0.004255319,0.012658228,0.007692308,0.007518797,0,0.003745318,0.018248175,0.003676471,0.003610108,0.014440433,0.003610108,0.007326007,0.018518519,0.010948905,0.010909091,0,0.007462687,0.007326007,0.003663004,0.00729927,0.00390625,0.012195122,0.032,0.016,0.1015625,0.029045643,0.020661157,0.018115942,0.010791367,0.014285714
chr9,7799532,7799562,C9orf123,0.370901257,-,0.000390053,chr9_7799532_-,C9orf123_chr9_7799532_-,GATGGGGGCGGGCGGGTACGTGTACTGGGT,NM_033428,,-2185,cds,PQs_7,ENST00000358227,0,0.030418251,0.016260163,0.018796992,0.003875969,0.008163265,0.004255319,0.012658228,0.007692308,0.007518797,0,0.003745318,0.018248175,0.003676471,0.003610108,0.014440433,0.003610108,0.007326007,0.018518519,0.010948905,0.010909091,0,0.007462687,0.007326007,0.003663004,0.00729927,0.00390625,0.012195122,0.032,0.016,0.1015625,0.029045643,0.020661157,0.018115942,0.010791367,0.014285714,0,0.010909091,0.003690037,0.011070111,0.007490637,0.014869888,0.011152416,0.022556391,0.019011407,0.022900763,0,0.007633588,0.02919708,0.003731343
chr19,50191597,50191627,PRMT1,0.909704817,+,1.30E-05,chr19_50191627_+,PRMT1_chr19_50191627_+,GTTTTAGGGGCCTGGGCTGGGGGGATGGGG,NM_198318,-2,-60,utr3,PQs_7,ENST00000391851,0.01,0.017006803,0.018656716,0.003802281,0.018315018,0.012244898,0.019920319,0.003921569,0.01119403,0.007462687,0.007575758,0.016877637,0.050209205,0.012875536,0,0.011070111,0.021201413,0.017605634,0.014234875,0,0.014652015,0.02247191,0.024911032,0.003731343,0,0.015267176,0.003759398,0.010380623,0.007092199,0,0.012145749,0.004,0,0.02690583,0.014563107,0.036630037,0.007490637,0,0.015503876,0,0.004255319,0.004132231,0.004201681,0.027131783,0.007575758,0.007782101,0.027888446,0.028225806,0.016877637,0.008264463
chr3,53259747,53259777,TKT,0.782941993,-,8.80E-07,chr3_53259747_-,TKT_chr3_53259747_-,CCTAGGGCGGGTATGAAGTGTGGGGCGGGG,NM_001064,-7,,"cds,utr3",long_loop,ENST00000462138,0.009950249,0.043261231,0.042808219,0.032085561,0.017271157,0.013722127,0.01362862,0.012797075,0.01059322,0.010373444,0.011650485,0.024074074,0.010204082,0.009276438,0.019011407,0.010526316,0.016014235,0.023339318,0.022222222,0.005119454,0.005190311,0.03374778,0.003663004,0.003378378,0.010084034,0.005145798,0.029513889,0.018965517,0.054446461,0.03538175,0.059964727,0.012411348,0.007054674,0.003676471,0.009310987,0.038181818,0.032815199,0.012797075,0.007561437,0.011928429,0.004,0.006521739,0.01417004,0.011695906,0.012295082,0.050955414,0.056420233,0.001956947,0.031716418,0.005928854
chr19,48258025,48258055,GLTSCR2,0.340571031,+,8.50E-06,chr19_48258055_+,GLTSCR2_chr19_48258055_+,CCAGGCCAGGGCGAGGGGCCGGAGGCTGGG,NM_015710,,-508,cds,long_loop,ENST00000246802,0.071428571,0.008810573,0.004524887,0.03196347,0.018099548,0.004366812,0,0.008163265,0.045081967,0.021367521,0.026785714,0.033492823,0.012711864,0.021551724,0.013100437,0,0.019323671,0.004329004,0.034934498,0.004149378,0.008264463,0.012448133,0,0.012987013,0.013333333,0.022123894,0.008928571,0.035714286,0.021834061,0.017621145,0.029411765,0.021097046,0.00896861,0.013333333,0.008888889,0.008474576,0.008130081,0.004081633,0.004081633,0.020408163,0.008547009,0.004672897,0.05,0.004166667,0.012396694,0.020325203,0.016528926,0.008333333,0.025,0.02892562
chr2,198351780,198351810,HSPD1,0.479127779,-,4.17E-06,chr2_198351780_-,HSPD1_chr2_198351780_-,GGGTGGAATGGGAGGTGGTATGGGAGGTGG,NM_002156,-43,-450,cds,long_loop,ENST00000388968,0.040345821,0,0.014367816,0,0,0.014005602,0.011204482,0.019553073,0.011363636,0.017291066,0.02266289,0.011142061,0.008403361,0.055865922,0.008426966,0.033802817,0.03343465,0.049844237,0.041009464,0.018461538,0.008595989,0.020057307,0.014705882,0.029498525,0.005952381,0.081690141,0.014285714,0.005934718,0.017964072,0.017045455,0.005633803,0.019444444,0.013774105,0.005698006,0.020114943,0.017291066,0.005780347,0.05982906,0.014326648,0.00872093,0.017964072,0.035820896,0.04398827,0.043859649,0.021671827,0.036619718,0.014124294,0.036211699,0.019444444,0.005665722
chr16,1822060,1822090,MRPS34,0.569663448,-,2.78E-06,chr16_1822060_-,MRPS34_chr16_1822060_-,GGGTCTGCATCTTAGGGGGGAGGGCTGGGG,NM_023936,,-146,utr3,long_loop,ENST00000397375,0.037974684,0,0.012345679,0.024767802,0.009375,0.021212121,0.005617978,0.002754821,0,0.005970149,0.032738095,0.01863354,0.006711409,0.035971223,0.014285714,0.014204545,0.019444444,0.021212121,0.036585366,0.058419244,0.042253521,0.048888889,0.017595308,0.005952381,0.057228916,0.012048193,0,0.006006006,0.008902077,0,0,0.00297619,0,0,0,0.005494505,0.005434783,0.002747253,0.005540166,0.005571031,0.005494505,0.028011204,0.020231214,0.055882353,0.075,0.008955224,0.002967359,0.020467836,0.030674847,0.04601227
chr1,28562897,28562927,ATPIF1,0.271798718,+,0.008261772,chr1_28562927_+,ATPIF1_chr1_28562927_+,CTCCATCCGGGAAGCCGGTGGGGCCTTCGG,NM_016311,,-281,cds,long_loop,ENST00000335514,0.003401361,0.003367003,0.010238908,0.010600707,0.003533569,0.003355705,0.007042254,0.007017544,0.006872852,0,0.003311258,0.006849315,0.017241379,0.006472492,0.003205128,0.03030303,0.068345324,0.003412969,0.006644518,0.01,0.023569024,0.051470588,0.042801556,0.010869565,0.014388489,0.027118644,0.003355705,0.006666667,0.020408163,0.003367003,0.006644518,0.010273973,0.01056338,0.013937282,0.045296167,0.014084507,0.020689655,0.057823129,0.011673152,0.004081633,0,0.020979021,0.02970297,0.010169492,0.024137931,0,0,0.003663004,0.0609319,0.003649635
chr16,2014568,2014598,RPS2,0.46063124,-,2.81E-06,chr16_2014568_-,RPS2_chr16_2014568_-,GCCCGGGGGCCCTGGTGGCCCTGGGATGGG,NM_002952,,-841,cds,long_loop,ENST00000343262,0.003901805,0.010597912,0.001246688,0.006901961,0.006055101,0.002254622,0.001160477,0.002029427,0.001838543,0.004079711,0.006320628,0.002150538,0.020184544,0.001312527,0.000865926,0.00260078,0.001330377,0.007013442,0.007767286,0.003391921,0.011229646,0.004679731,0.016064828,0.003774681,0.007854179,0.033464281,0.007361268,0.002448862,0.001867011,0.02962527,0.003399433,0.003172414,0.001401935,0.001248613,0.002899751,0.004522329,0.015466072,0.003117114,0.002253204,0.004001104,0.008793625,0.03713565,0.016062544,0.005343732,0.012851732,0.001882226,0.00601586,0.001498842,0.00405077,0.021102791
chr13,45914850,45914880,TPT1,0.430645247,-,2.92E-05,chr13_45914850_-,TPT1_chr13_45914850_-,GCGGACGGGTTGTGCCTGGAGGTGGAGGGG,NM_003295,-510,-620,cds,bulge,ENST00000530705,0.052087181,0.009690528,0.008513226,0.000595238,0.001182732,0.0006035,0.00060957,0.002453988,0.01541307,0.016037736,0.001199041,0.008062108,0.002071619,0.001768347,0.001221374,0.00212766,0.001584786,0.000945776,0.00093985,0.003394014,0.001777251,0.001193317,0.003896882,0.004105572,0.002075919,0.000917431,0.001170275,0,0.001754899,0.006125574,0.008857666,0.002417649,0.019480519,0.001169249,0.00088054,0.001491202,0.003572492,0.000293945,0.000878735,0.002333042,0.007703704,0.017767249,0.006053269,0.005203551,0.042129901,0.007735793,0.009303721,0.006529546,0.015673018,0.002386635
chr13,45914850,45914880,TPT1,0.430645247,-,2.92E-05,chr13_45914850_-,TPT1_chr13_45914850_-,GCGGACGGGTTGTGCCTGGAGGTGGAGGGG,NM_003295,-510,-620,cds,bulge,ENST00000379060,0.088268156,0.015017668,0.005150215,0.009361702,0.004237288,0.004332756,0.013089005,0.000892061,0.017985612,0.007380074,0.002544529,0.020390824,0.005843072,0.000831255,0.005226481,0.000868056,0.000894454,0.007092199,0.009830206,0.014977974,0.003367003,0.005029338,0.01758794,0.005804312,0.010942761,0.013227513,0.007431874,0.004874086,0.012479201,0.005258545,0.041486603,0.012875536,0.031382528,0.002521008,0.017721519,0.005136986,0.004273504,0.002518892,0.001669449,0.022462562,0.028691983,0.029288703,0.007853403,0.00795053,0.040066778,0.010143702,0.01183432,0.02037037,0.020372011,0.005952381
chr19,48287848,48287878,SEPW1,0.27428247,+,0.000395523,chr19_48287878_+,SEPW1_chr19_48287878_+,GAAGCCAAGAGAGGCATCAGGATGGGTGGG,NM_003009,247,-39,utr3,bulge,ENST00000612212,0.022857143,0.019553073,0.002808989,0.028497409,0.007712082,0.032994924,0.015665796,0.018817204,0.002645503,0,0.015957447,0.016853933,0.028735632,0.011080332,0.002824859,0.009230769,0,0.002695418,0,0.007936508,0.010840108,0.016574586,0,0.002624672,0,0.023622047,0.013736264,0.029498525,0.002840909,0.005347594,0.007792208,0.005291005,0.015665796,0.00273224,0.002702703,0.019662921,0.014124294,0.002624672,0.016260163,0.017045455,0.024464832,0.073746313,0.038235294,0.023054755,0.024,0.005524862,0.031428571,0.017142857,0.028205128,0.008
chr12,54676379,54676409,HNRNPA1,0.694304206,+,4.16E-10,chr12_54676409_+,HNRNPA1_chr12_54676409_+,GGTGGTGGTCGTGGAGGTGGTTTCGGTGGG,NM_002136,-343,-645,cds,bulge,ENST00000546500,0.001515152,0.004504505,0.003039514,0.037617555,0.010670732,0.020030817,0.003053435,0.02507837,0.040688576,0.01183432,0.00433526,0.002898551,0.011461318,0,0.007267442,0.002932551,0,0.015151515,0.006339144,0.011764706,0.002915452,0.013157895,0.005797101,0.005847953,0.006042296,0,0.012084592,0.034175334,0.005839416,0.015479876,0.013311148,0.029315961,0.008038585,0.019145803,0.011958146,0.010736196,0.069018405,0.013719512,0.012048193,0.003058104,0.018691589,0.006163328,0.013452915,0.00921659,0.029733959,0,0.010526316,0.003030303,0.002971768,0.029761905
chr19,18418337,18420490,LSM4,0.279587773,-,0.000507634,chr19_18418337_-,LSM4_chr19_18418337_-,AGGTGTGTTTGGTGGCCGGGGCCGAGGTGG,NM_012321,,-591,cds,bulge,ENST00000593829,0.007312614,0.007462687,0.010968921,0.001838235,0.003571429,0.005415162,0.007246377,0,0.005328597,0.003590664,0.010810811,0.025735294,0.04389313,0.059063136,0.006521739,0.076771654,0.007782101,0.031683168,0.027888446,0.02238806,0.005639098,0.013307985,0.03250478,0.001893939,0.005660377,0.005545287,0.016245487,0.005524862,0.005769231,0.007827789,0.005870841,0.009208103,0.007142857,0.003663004,0.012797075,0.022304833,0.003731343,0.014678899,0,0.005338078,0.003603604,0.031775701,0.025742574,0.008583691,0.042253521,0.005444646,0,0.003642987,0.003656307,0.001828154
chr17,79674419,79674449,MRPL12,0.512099277,+,2.04E-06,chr17_79674449_+,MRPL12_chr17_79674449_+,GCACAGACCTACTGTGGCGGGAGGGAGGGG,NM_002949,,-76,utr3,bulge,ENST00000333676,0.016042781,0.005555556,0.009259259,0.030201342,0.018575851,0.00867052,0.038356164,0.005347594,0.007978723,0.015957447,0,0.005494505,0,0,0,0,0.013736264,0.009493671,0.037333333,0.019283747,0.01369863,0.016348774,0.018766756,0.005376344,0.01061008,0.010695187,0.007936508,0.021276596,0.002557545,0.002570694,0,0,0.038251366,0.005571031,0.005479452,0.005813953,0.014792899,0.00297619,0.005934718,0.014662757,0.017045455,0.018918919,0.008,0,0.025906736,0.002570694,0.013020833,0.01055409,0.010781671,0.016216216
chr11,64085662,64085692,PRDX5,0.627085553,+,3.26E-07,chr11_64085692_+,PRDX5_chr11_64085692_+,GAGTGGAAGTGGCCGTGGGGCGGGTATGGG,NM_012094,,-736,"cds,utr5",bulge,ENST00000265462,0.003030303,0.026548673,0.022012579,0.012578616,0.033240997,0.003012048,0.021406728,0.009287926,0,0.016260163,0.018229167,0.008333333,0.005494505,0.002638522,0.020050125,0.022113022,0.023255814,0.002487562,0,0.018617021,0.025252525,0.0125,0.014354067,0.027906977,0.011820331,0.028708134,0.011933174,0.002352941,0.014285714,0.011990408,0.002427184,0.030588235,0.009546539,0.009925558,0.022959184,0.012224939,0.03712297,0.002267574,0.00678733,0.022727273,0.021077283,0.017283951,0.055555556,0.008928571,0.004405286,0.018223235,0.015486726,0.002197802,0.009070295,0.016018307
chrX,12995160,12995190,TMSB4X,0.705568849,+,3.83E-07,chrX_12995190_+,TMSB4X_chrX_12995190_+,AAGAAGTGGGGTGGAAGAAGTGGGGTGGGA,NM_021109,-55,,utr3,bulge,ENST00000451311,0.013059343,0.015132409,0.005892857,0.006149394,0.060054595,0.002587322,0.003168686,0.007030527,0.008172363,0.00813459,0.009294385,0.011900403,0.007627907,0.016415094,0.029668088,0.005545993,0.02338403,0.020124405,0.002184599,0.004048583,0.0021974,0.023603604,0.003404408,0.007403395,0.00621586,0.008215086,0.002922837,0.011321491,0.01025641,0.007978206,0.015411289,0.018542317,0.002191781,0.003904797,0.002225932,0.020464602,0.00935265,0.007532957,0.011669304,0.006846384,0.028485757,0.008821321,0.014492754,0.020955882,0.003858166,0.014939309,0.048945783,0.009563098,0.021734986,0.01142304
chr22,39713610,39714411,RPL3,0.352129302,-,3.62E-05,chr22_39713610_-,RPL3_chr22_39713610_-,GATCCAAGGTGAACAAGAAGGAGGTGGTGG,NM_000967,,-1027,cds,bulge,ENST00000401609,0.006886553,0.020439061,0.006569343,0.024482109,0.008911994,0.010724852,0.008418741,0.011542497,0.007179487,0.009168081,0.003132614,0.017294389,0.022484756,0.047868061,0.005374418,0.00135318,0.001373626,0.004259851,0.012658228,0.028422877,0.014642857,0.009736747,0.032326821,0.006259205,0.015328762,0.002604167,0.003632401,0.004672897,0.005517241,0.004585538,0.003122831,0.004216444,0.001731302,0.003069577,0.011768552,0.00129408,0.003877221,0.015635179,0.004887586,0.000987492,0.003786575,0.004507628,0.000689655,0.004269294,0.010519605,0.001938611,0.029119788,0.018144471,0.039937353,0.037453184
chr22,39713610,39714411,RPL3,0.352129302,-,3.62E-05,chr22_39713610_-,RPL3_chr22_39713610_-,GATCCAAGGTGAACAAGAAGGAGGTGGTGG,NM_000967,,-1027,cds,bulge,ENST00000216146,0.007251908,0.027687296,0.012427184,0.01378751,0.015354331,0.022576878,0.007262997,0.010248902,0.006481815,0.006884058,0.006617647,0.012825651,0.017145136,0.042918455,0.003782148,0.00580341,0.004758419,0.011206575,0.013363029,0.045922116,0.014296464,0.039755352,0.031332578,0.013752456,0.014297729,0.006284368,0.004253674,0.018028385,0.00183756,0.014886491,0.004032258,0.003681885,0.010956903,0.00615496,0.006732814,0.006340261,0.001056338,0.007125045,0.00141995,0.002867384,0.002992892,0.008245877,0.004857997,0.010130246,0.008486563,0.002504472,0.042545455,0.024069199,0.02401011,0.049800797
chr15,64448325,64448935,PPIB,0.262790976,-,0.000194693,chr15_64448325_-,PPIB_chr15_64448325_-,TAGAGGGCATGGAGGTGGTGCGGAAGGTGG,NM_000942,-221,-276,cds,bulge,ENST00000300026,0.005736138,0.011928429,0.017751479,0.003656307,0.001828154,0.035781544,0.016161616,0.009478673,0.028368794,0.033232628,0.019011407,0.003773585,0.005836576,0.007920792,0.012345679,0.010141988,0.024948025,0.014314928,0.009920635,0.029962547,0,0.005464481,0.011695906,0.017751479,0.001937984,0.015209125,0.009310987,0.003717472,0.001934236,0.001923077,0.009727626,0.005791506,0.01183432,0.008130081,0.015686275,0.014028056,0.007736944,0.057620818,0.003787879,0.011811024,0.006535948,0.004424779,0.017391304,0.007984032,0.004132231,0.032352941,0.023809524,0.002141328,0.002024291,0.015414258
chr3,49063785,49063815,IMPDH2,0.524121748,-,4.52E-06,chr3_49063785_-,IMPDH2_chr3_49063785_-,GGTGTGGATGCCCTGCGGGTGGGCATGGGA,NM_000884,,-603,cds,bulge,ENST00000326739,0.012722646,0.017902813,0.031168831,0.015503876,0.007792208,0.018867925,0.031331593,0,0,0.02,0.002923977,0.013550136,0.02266289,0,0.016483516,0.023376623,0.019283747,0.014749263,0.023872679,0.007936508,0,0.021538462,0.002531646,0.004975124,0,0.033854167,0.007853403,0.008241758,0.005681818,0.033333333,0.010638298,0.016438356,0.019125683,0.00536193,0.018041237,0.023316062,0.025906736,0.002570694,0.020408163,0.020942408,0.007772021,0.00530504,0.040983607,0.008219178,0.005586592,0.014044944,0.012232416,0.044247788,0.028409091,0.016085791
chr19,50187210,50187240,PRMT1,0.259201261,+,0.000313487,chr19_50187240_+,PRMT1_chr19_50187240_+,AGGAGGTGGAGCTCCCAGTGGAGAAGGTGG,NM_198318,-774,-832,cds,bulge,ENST00000391851,0,0,0.010282776,0.016574586,0.019230769,0.002832861,0,0.020779221,0,0.005037783,0.002631579,0.002604167,0,0.002604167,0.012987013,0,0.020253165,0.005128205,0.010869565,0.014367816,0.005665722,0,0.027932961,0.025157233,0.041139241,0.002793296,0.003134796,0.006688963,0.029605263,0.015503876,0.005128205,0.036619718,0.04587156,0.027863777,0.007772021,0.005420054,0.007894737,0.020304569,0,0.010309278,0.016438356,0.017094017,0.037249284,0.059322034,0.064606742,0.022099448,0.072829132,0.068571429,0.023880597,0.072131148
chr17,7481852,7481882,EIF4A1,0.852700232,+,4.39E-08,chr17_7481882_+,EIF4A1_chr17_7481882_+,TGAGGAGCAGCAGGAGGGGGGAGGGAAGGG,NM_001416,-1,-420,utr3,bulge,ENST00000293831,0.042780749,0.025132275,0.004968944,0.011655012,0.005945303,0.001221001,0,0,0.005063291,0.001221001,0.007117438,0.007194245,0.001226994,0,0.001236094,0,0.00127551,0.001283697,0.003676471,0.00249066,0.001270648,0.003989362,0.002808989,0.001381215,0.002857143,0.02722063,0,0,0,0.004213483,0.005532503,0.004310345,0.01,0.002849003,0,0.018922853,0.007072136,0.021126761,0.010144928,0.019607843,0.047477745,0.010339734,0.018292683,0.027941176,0.004341534,0.007739938,0.006441224,0.00477707,0,0.006920415
chr1,6246453,6246483,RPL22,0.801027485,-,3.56E-08,chr1_6246453_-,RPL22_chr1_6246453_-,GGGAGGCAGATGCGGGTGTGGAGGTGTGGG,NM_000983,173,-1339,utr3,bulge,ENST00000234875,0.00886918,0,0.018796992,0.003809524,0.005964215,0.028747433,0,0.045454545,0.023339318,0.001760563,0.008912656,0.003759398,0.003913894,0.002267574,0.038990826,0.011792453,0.006578947,0.004237288,0.002040816,0.04048583,0.022018349,0.005415162,0.011342155,0.009242144,0.005628518,0.007490637,0.005714286,0.001851852,0.001858736,0.005385996,0.005545287,0.018367347,0.024948025,0.006072874,0.035984848,0.003809524,0.033457249,0.007181329,0.021818182,0.001912046,0.011029412,0.008726003,0.001776199,0.005870841,0.009140768,0.017374517,0.011450382,0.046,0.011320755,0.009615385
chr1,93301902,93301932,RPL5,0.391610538,+,0.001586079,chr1_93301932_+,RPL5_chr1_93301932_+,GGTGCCCTGAAGGGAGCTGTGGATGGAGGC,NM_000969,,-421,cds,bulge,ENST00000370321,0.03340341,0.015746235,0.012262841,0.028447883,0.02864462,0.024688081,0.097438243,0.04,0.039299611,0.024438141,0.007087486,0.007938308,0.024625028,0.008437856,0.007023933,0.055125725,0.003235441,0.006063433,0.004413473,0.009165687,0.007767878,0.021690014,0.003038854,0.004049446,0.01384083,0.005797724,0.005813953,0.012385223,0.003666163,0.022065313,0.012596685,0.00625,0.0020005,0.041403356,0.008812514,0.004111466,0.005878031,0.014010508,0.003275384,0.001572327,0.027107158,0.005531915,0.003243945,0.008335263,0.028221396,0.014461931,0.007268722,0.018497374,0.050935797,0.076422764
chr12,56119648,56119678,CD63,0.294386544,-,0.000154813,chr12_56119648_-,CD63_chr12_56119648_-,TGTGTGGAGAAGATTGGGGGCTGGCTGAGG,NM_001780,-167,-179,cds,bulge,ENST00000550050,0.104166667,0.05785124,0.03187251,0.048780488,0.028688525,0.021367521,0.012711864,0.041666667,0.029411765,0.035433071,0.049618321,0.019685039,0.056451613,0.040816327,0.075396825,0.011583012,0.019230769,0.052845528,0.042735043,0.008888889,0.055084746,0.017467249,0.064377682,0.075949367,0.090196078,0.038910506,0.008032129,0.036585366,0.029661017,0.034188034,0.008230453,0.08045977,0.008,0.024096386,0.023904382,0.033333333,0.032520325,0.034188034,0.042918455,0.076595745,0.087557604,0.022123894,0.008695652,0.025104603,0.03030303,0.076923077,0.038461538,0.064257028,0.012145749,0.020242915
chr12,49521853,49521883,TUBA1B,0.348637814,-,0.00169679,chr12_49521853_-,TUBA1B_chr12_49521853_-,TCACTGGTACGTGGGTGAGGGGATGGAGGA,NM_006082,,-267,cds,2-quartet,ENST00000336023,0.00744285,0.054650552,0.027600849,0.016602103,0.051971326,0.017795637,0.021090535,0.022011006,0.02143951,0.041420118,0.041434756,0.03625731,0.014113957,0.00708502,0.008411677,0.012333498,0.010819165,0.015976331,0.016811594,0.019031142,0.007162534,0.014555256,0.005572442,0.004975124,0.006529382,0.024755028,0.008376963,0.008259912,0.008361204,0.004817987,0.003621314,0.010526316,0.005540166,0.032061069,0.007488767,0.010245902,0.00792393,0.008928571,0.00524109,0.005955604,0.011029412,0.002726281,0.003267974,0.030678149,0.0096,0.017334778,0.021812081,0.034399517,0.034084344,0.055279503
chr19,50187187,50187217,PRMT1,0.391217141,+,3.11E-06,chr19_50187217_+,PRMT1_chr19_50187217_+,GACCATCATCAAGGGGAAGGTGGAGGAGGT,NM_198318,-797,-855,cds,2-quartet,ENST00000391851,0.01320132,0.022082019,0.035598706,0.01875,0.013586957,0.005405405,0.013157895,0.002469136,0.005063291,0.025839793,0.023809524,0.031700288,0,0.064516129,0.011235955,0.022346369,0.051212938,0.024193548,0.034666667,0.061170213,0.005208333,0.023872679,0.019283747,0,0,0.010282776,0.016574586,0.019230769,0.002832861,0,0.020779221,0,0.005037783,0.002631579,0.002604167,0,0.002604167,0.012987013,0,0.020253165,0.005128205,0.010869565,0.014367816,0.005665722,0,0.027932961,0.025157233,0.041139241,0.002793296,0.003134796
chr12,131357167,131357404,RAN,0.301636401,+,4.74E-05,chr12_131357404_+,RAN_chr12_131357404_+,GTTCAAACTTGTATTGGTTGGTGATGGTGG,NM_006325,-646,-922,cds,2-quartet,ENST00000543796,0.008483563,0.004770992,0.006161972,0.006097561,0.004340278,0.009409752,0.019811321,0.033333333,0.013663535,0.007653061,0.019553073,0.01953125,0.040145985,0.026632302,0.019150708,0.009876543,0.019134775,0.021486124,0.0730187,0.013297872,0.002647838,0.025371829,0.023465704,0.030555556,0.046928328,0.006644518,0.027754415,0.021089631,0.007525084,0.008305648,0.006161972,0.061276596,0.007992895,0.013574661,0.038556194,0.008326395,0.003273322,0.023947151,0.008298755,0.013793103,0.013562387,0.033144705,0.006644518,0.011589404,0.001626016,0.020424837,0.044711952,0.023136247,0.012455516,0.02748227
chr2,73477563,73478381,CCT7,0.308226487,+,9.94E-07,chr2_73478381_+,CCT7_chr2_73478381_+,AAGAATGATTCAGTGGTGGCTGGTGGCGGG,NM_006429,,-528,cds,2-quartet,ENST00000258091,0.015873016,0.0215311,0.004878049,0.02184466,0.047961631,0.009592326,0.018823529,0.013921114,0.032786885,0.036414566,0.025839793,0.011764706,0.007009346,0.027210884,0.024553571,0.03655914,0.011037528,0.026315789,0.026442308,0.045226131,0.054404145,0.00921659,0.011415525,0.030092593,0.002267574,0.00443459,0.01986755,0.006622517,0.015486726,0.004357298,0.023554604,0.00862069,0.013129103,0.056399132,0.015053763,0.013129103,0.01978022,0.012793177,0.002227171,0.011111111,0.006622517,0.013483146,0.033039648,0.021978022,0.004357298,0.017391304,0.006578947,0.024017467,0.011235955,0.011574074
chr2,62104150,62104180,CCT4,0.336286083,-,6.57E-07,chr2_62104150_-,CCT4_chr2_62104150_-,TTGATGACTGTGAGTTGGTGGAAGGGCTGG,NM_006430,-1051,-1172,cds,2-quartet,ENST00000394440,0.014109347,0.005454545,0.036036036,0.014209591,0.02003643,0.017110266,0.032921811,0.033268102,0,0.007462687,0.036328872,0.037313433,0.016528926,0.026378897,0.103238866,0.016528926,0.019354839,0.003802281,0.014705882,0.012658228,0.08912656,0.003663004,0.003738318,0.015238095,0.007952286,0.018281536,0.005385996,0.005415162,0.034111311,0.007155635,0.018315018,0.013384321,0.020872865,0.028901734,0.005703422,0.013257576,0.005484461,0.016483516,0.012820513,0.005780347,0.029239766,0.023575639,0.004008016,0.025242718,0.049212598,0.054054054,0.008658009,0.115207373,0.011574074,0.017928287
chr12,49578839,49578869,TUBA1A,0.257769187,-,0.010139708,chr12_49578839_-,TUBA1A_chr12_49578839_-,CCTTGAGAAGGATTATGAGGAGGTTGGTGT,NM_006009,-66,-235,cds,2-quartet,ENST00000301071,0.020325203,0.038383838,0.019685039,0.009765625,0.017612524,0.008179959,0.019271949,0.039292731,0.00591716,0.006097561,0.054545455,0.016701461,0.03515625,0.010224949,0.006085193,0.004175365,0.021551724,0.01750547,0.022088353,0.008,0.007920792,0.072580645,0.058455115,0.014344262,0.028077754,0.027131783,0.011673152,0.005940594,0.025490196,0.015841584,0,0.025263158,0,0.01511879,0.020491803,0.011695906,0.005964215,0.090909091,0.008,0.028056112,0.016064257,0.024539877,0.022172949,0.023206751,0.00610998,0.001996008,0.015968064,0.032719836,0.014861996,0.013435701
chr2,10927500,10927530,PDIA6,0.463726131,-,5.11E-07,chr2_10927500_-,PDIA6_chr2_10927500_-,TGAGACCGCGTTGGGGATTGGAGGGTTTGG,NM_005742,-295,-1106,cds,2-quartet,ENST00000272227,0.013114754,0.013422819,0.034042553,0.018315018,0.006153846,0.009493671,0.01910828,0.016233766,0.029126214,0.100946372,0.015625,0.00304878,0.022012579,0.025889968,0.054421769,0.067510549,0.06870229,0.020905923,0.033557047,0.020547945,0.04778157,0.027522936,0.017857143,0.008849558,0.011730205,0.027108434,0.029900332,0.020477816,0,0.00591716,0.023880597,0.025806452,0.029508197,0.003194888,0.018808777,0.016339869,0.068965517,0.024024024,0.01497006,0.003095975,0.032154341,0.027972028,0.027586207,0.017064846,0.016447368,0.056962025,0.028481013,0.003144654,0.02507837,0.027863777
chrX,102632580,102632610,NGFRAP1,0.451165342,+,8.85E-06,chrX_102632610_+,NGFRAP1_chrX_102632610_+,GCAGATCAATGATGGGATGGGTGGAGATGG,NM_206917,-161,-370,cds,2-quartet,ENST00000361298,0.025773196,0.020725389,0.007751938,0.03601108,0.002849003,0.012755102,0.005012531,0.005025126,0.017369727,0.027227723,0.049140049,0.002493766,0.012562814,0.007425743,0.02,0.032697548,0.052770449,0.014319809,0.026252983,0.022222222,0.002463054,0.024630542,0.041262136,0.00990099,0.016826923,0.004901961,0.008645533,0.017811705,0.007751938,0.00486618,0.002525253,0.0175,0.002398082,0.00729927,0.014851485,0.025380711,0,0.045563549,0.014150943,0.009592326,0.015075377,0.007731959,0.026315789,0.025188917,0.012437811,0.03125,0.072681704,0.01,0.028571429,0.018691589
chr17,16284438,16284468,UBB,0.351277,+,1.25E-05,chr17_16284468_+,UBB_chr17_16284468_+,TTTGTGTCCCTGTGGGTGGACGTGGTTGGT,NM_018955,-760,-847,utr5,2-quartet,ENST00000302182,0.004801097,0.0055517,0.010040161,0.005394471,0.01048218,0.01016703,0.015648286,0.026229508,0.003908795,0.00536193,0.02422611,0.031084656,0.020565553,0.005387205,0.061768531,0.026720107,0.021913806,0.032125206,0.04140625,0.008338679,0.009925558,0.008782936,0.015151515,0.012315271,0.004898959,0.004427577,0.014357054,0.00676091,0.010559006,0.016183412,0.034602076,0.001476015,0.019774011,0.003858521,0.006862133,0.009752926,0.008428657,0.006508876,0.004232164,0.027660854,0.008663366,0.04625,0.011443102,0.00992411,0.003519062,0.002457002,0.004350528,0.011706716,0.006802721,0.007013442
chr12,6601569,6601599,MRPL51,0.274877319,-,0.003174369,chr12_6601569_-,MRPL51_chr12_6601569_-,GGGCCCATATGGCTTCGAGGTTGGAAAGGG,NM_016497,-203,-231,cds,2-quartet,ENST00000229238,0.037037037,0.053061224,0.025104603,0,0.043478261,0.017241379,0.044176707,0.004347826,0.020920502,0.020576132,0.004032258,0.024096386,0.012195122,0.004065041,0.037383178,0.007968127,0.00390625,0.032653061,0.02745098,0.011904762,0.015384615,0.007662835,0.011494253,0.015810277,0.042471042,0.026315789,0.015873016,0.012,0.042553191,0.029166667,0.012345679,0.01119403,0.019607843,0.025210084,0.014354067,0,0.004149378,0.061728395,0.024291498,0.007722008,0.059288538,0.016194332,0.030651341,0.003952569,0.031620553,0.019920319,0.099206349,0.071698113,0.027888446,0.040650407
chr12,49666874,49666904,TUBA1C,0.251629243,+,0.006153157,chr12_49666904_+,TUBA1C_chr12_49666904_+,TCACTGGTACGTGGGTGAGGGGATGGAGGA,NM_032704,,-188,cds,2-quartet,ENST00000301072,0.014084507,0.069284065,0.021028037,0.007177033,0.027568922,0.022113022,0.022421525,0.034782609,0.018181818,0.035971223,0.080645161,0.043814433,0,0.006550218,0.002169197,0.017391304,0.018018018,0.016483516,0.012953368,0.002506266,0.011961722,0.01627907,0.002212389,0,0.012958963,0.028888889,0.004484305,0.009237875,0.030092593,0,0.002207506,0.004504505,0.002358491,0.046460177,0,0.015317287,0.020361991,0.00896861,0,0,0.004716981,0.004962779,0.01216545,0.023201856,0,0.013605442,0.016091954,0.064171123,0.034482759,0.05785124
chr19,19638518,19638548,NDUFA13,0.259933192,+,0.001789017,chr19_19638548_+,NDUFA13_chr19_19638548_+,GATGCTTCGGGAGAACCTGGAGGAGGAGGC,NM_015965,,-202,cds,2-quartet,ENST00000507754,0.008196721,0.005769231,0.009803922,0.030425963,0.00804829,0.031192661,0.010830325,0.009124088,0.00929368,0.007561437,0.013059701,0.009416196,0.05697446,0.006,0.018181818,0.027896996,0.002096436,0.013207547,0.009057971,0,0.012544803,0.028195489,0.025341131,0.023529412,0.009708738,0.012658228,0.004115226,0.019607843,0.003533569,0.008787346,0.014545455,0.012658228,0.009208103,0.014953271,0.027932961,0.005681818,0.003913894,0.009920635,0.010060362,0.007633588,0.042226488,0.017274472,0.02504817,0.030947776,0.009615385,0.05078125,0.035781544,0.005555556,0.007393715,0.009140768
chr5,173043391,173043421,BOD1,0.619654426,-,0.000938837,chr5_173043391_-,BOD1_chr5_173043391_-,GCGGGGGAACTGGCGCGGTGGGCGGCGGCG,NM_138369,-751,-1239,cds,2-quartet,ENST00000311086,0,0.004219409,0.008474576,0,0,0.012605042,0.008403361,0.025210084,0.008438819,0,0.004166667,0.008333333,0.008298755,0.012552301,0.008510638,0.008333333,0,0.008658009,0,0.004201681,0.028806584,0.004219409,0.008583691,0.026200873,0.050632911,0.046025105,0.008547009,0.008333333,0.016460905,0,0.015503876,0.011764706,0.01984127,0.015748031,0.015810277,0.003952569,0.007843137,0,0.031620553,0.004,0,0.015936255,0.024489796,0.029787234,0.054852321,0.012931034,0.004115226,0.008298755,0.013513514,0.02991453
chr11,57509137,57509167,C11orf31,0.484117397,+,2.11E-06,chr11_57509167_+,C11orf31_chr11_57509167_+,TGGCGAACGGCGGGGAGGGAATGGAGGAGG,NM_170746,-423,-467,cds,2-quartet,ENST00000622257,0.038997214,0.029972752,0.004962779,0.007481297,0.052238806,0.037333333,0.024930748,0.051912568,0.00952381,0.016431925,0.025641026,0.025882353,0.014669927,0.056872038,0.009324009,0.023255814,0.021126761,0.004535147,0.023310023,0.007125891,0.014705882,0.016166282,0.004535147,0.00228833,0.009195402,0.026190476,0.014150943,0.004597701,0.01146789,0.03030303,0.03712297,0.002272727,0.006849315,0.018181818,0.009195402,0.011441648,0.011389522,0.002375297,0.002369668,0.019047619,0.065268065,0.021428571,0.022058824,0.016438356,0.043927649,0.02200489,0.026894866,0.032036613,0.03271028,0.023866348
chr11,57509135,57509165,C11orf31,0.488145723,+,1.05E-05,chr11_57509165_+,C11orf31_chr11_57509165_+,GCTGGCGAACGGCGGGGAGGGAATGGAGGA,NM_170746,-425,-469,cds,2-quartet,ENST00000622257,0.030075188,0.012531328,0.038997214,0.029972752,0.004962779,0.007481297,0.052238806,0.037333333,0.024930748,0.051912568,0.00952381,0.016431925,0.025641026,0.025882353,0.014669927,0.056872038,0.009324009,0.023255814,0.021126761,0.004535147,0.023310023,0.007125891,0.014705882,0.016166282,0.004535147,0.00228833,0.009195402,0.026190476,0.014150943,0.004597701,0.01146789,0.03030303,0.03712297,0.002272727,0.006849315,0.018181818,0.009195402,0.011441648,0.011389522,0.002375297,0.002369668,0.019047619,0.065268065,0.021428571,0.022058824,0.016438356,0.043927649,0.02200489,0.026894866,0.032036613
chr19,55918983,55919013,UBE2S,0.39940394,-,5.77E-06,chr19_55918983_-,UBE2S_chr19_55918983_-,GACCGAAGAACGCAGGAAGGGGGCCGGGGG,NM_014501,,-830,utr5,2-quartet,ENST00000264552,0.004297994,0.00990099,0.010028653,0.017266187,0.004285714,0.018309859,0.002805049,0.015669516,0.024566474,0.005763689,0.01674277,0.016207455,0.024271845,0.001428571,0.008462623,0.002836879,0.005633803,0.009873061,0.017316017,0.018211921,0.005084746,0.006024096,0,0.002016129,0.007788162,0.001438849,0.001474926,0,0.012539185,0.003215434,0.001757469,0.00621118,0.012759171,0.012102874,0.012931034,0.004115226,0.00137741,0.001388889,0.006858711,0.002751032,0.012552301,0.033333333,0.016320475,0.050359712,0.005772006,0.002906977,0.004405286,0.009868421,0.022887324,0
chr9,35102717,35102747,STOML2,0.314799574,-,0.00954218,chr9_35102717_-,STOML2_chr9_35102717_-,CGTGCCGCAGCAGGAGGCCTGGGTGGTGGA,NM_013442,,-1039,cds,2-quartet,ENST00000356493,0,0.022900763,0.0125,0.017467249,0.018656716,0.011363636,0,0.031372549,0.040816327,0.008438819,0.015686275,0.003952569,0.055555556,0.012295082,0.011811024,0.038910506,0.00729927,0,0.011450382,0.003676471,0.003773585,0.016,0.012,0.015151515,0.015625,0.024390244,0.004115226,0.011904762,0.019455253,0,0,0.003508772,0.010638298,0.021201413,0.010714286,0,0.014869888,0.007434944,0.003731343,0.007662835,0.011235955,0.037878788,0.018315018,0.025925926,0.033707865,0.03030303,0.022641509,0.022988506,0.023255814,0.015151515
chr17,73773724,73773754,H3F3B,0.372703462,-,0.000404887,chr17_73773724_-,H3F3B_chr17_73773724_-,TGTATTATAAAAACTTGGTGTGGGGGAGGA,NM_005324,0,-166,utr3,2-quartet,ENST00000254810,0.059139785,0.005540166,0,0.008426966,0.00617284,0.012084592,0.011627907,0.084057971,0.061728395,0.098802395,0.013927577,0.011142061,0.08045977,0.054878049,0.079113924,0.044692737,0.019607843,0.073863636,0.052054795,0.013623978,0.048128342,0.022988506,0.047222222,0.011661808,0.059936909,0.002985075,0.008379888,0.022038567,0.090140845,0.002840909,0.011080332,0.002645503,0.002680965,0.008064516,0.002710027,0.013850416,0.008571429,0.002849003,0.00280112,0.002923977,0.019337017,0.014534884,0.036697248,0.026385224,0.030769231,0.016438356,0.019178082,0.019337017,0.013736264,0.010666667
chrX,77380429,77380459,PGK1,0.298686253,+,0.00071703,chrX_77380459_+,PGK1_chrX_77380459_+,GCAGATTGTGTGGAATGGTCCTGTGGGGGT,NM_000291,-246,-647,cds,2-quartet,ENST00000373316,0.011441648,0.024663677,0.001119821,0.008908686,0.005793743,0.015133877,0.002277904,0.013483146,0.007786429,0.017917133,0.007990868,0.015662651,0.010723861,0.003942181,0.059453032,0.023485785,0.054919908,0.014251781,0.121004566,0.012895662,0.046296296,0.003440367,0.036904762,0.019230769,0.020731707,0.073255814,0.025703794,0.024484536,0.038819876,0,0.036904762,0.024475524,0.008443908,0.027058824,0.017401392,0.020713464,0.009195402,0.006849315,0.041049031,0.042394015,0.041719343,0.049531459,0.071165644,0.013414634,0.00122399,0.037220844,0.019253911,0.049826188,0.004678363,0.012956419
chr16,449078,449108,NME4,0.267490592,+,0.010345229,chr16_449108_+,NME4_chr16_449108_+,TTTGAGAGGCGGGGCTTCACGCTGGTGGGG,NM_005009,-396,-638,cds,2-quartet,ENST00000219479,0.052419355,0.051948052,0.003984064,0.095785441,0.022304833,0.014035088,0.003558719,0.003584229,0.044982699,0.027777778,0.026415094,0.043636364,0.012618297,0.01529052,0.018691589,0.022875817,0.023489933,0.014545455,0.010869565,0.027777778,0.019292605,0.003355705,0.013745704,0.014234875,0.010380623,0.01384083,0.010309278,0,0.013245033,0.009771987,0.021943574,0,0.003125,0,0.006309148,0.003289474,0.003154574,0.003164557,0.003134796,0.003115265,0.00330033,0.006472492,0.009230769,0.00310559,0.018691589,0.006369427,0.003246753,0.027950311,0.009259259,0.009375
chr14,103986279,103986309,CKB,0.416283916,-,4.09E-06,chr14_103986279_-,CKB_chr14_103986279_-,GTGGAGCTGGTGCAGATGGTGGTGGACGGA,NM_001823,-185,-252,cds,2-quartet,ENST00000348956,0.019354839,0.042944785,0.031545741,0.029411765,0.050793651,0.018691589,0.015772871,0.012903226,0.030487805,0.003174603,0.003144654,0.045731707,0.006060606,0.020833333,0.013157895,0.013114754,0.022435897,0.015923567,0.009345794,0.006349206,0.025157233,0.018292683,0.003144654,0.029220779,0.03236246,0.006309148,0.050898204,0.009036145,0.011869436,0.01510574,0.006024096,0.021341463,0.024464832,0.018292683,0.018181818,0.015974441,0.043478261,0.021538462,0.014792899,0.039877301,0.025236593,0.082066869,0.025157233,0.009404389,0.018018018,0.006024096,0.006153846,0.027439024,0.021021021,0.006289308
chr12,56120708,56120738,CD63,0.370445774,-,8.53E-06,chr12_56120708_-,CD63_chr12_56120708_-,TCTGTCTCTTATCATGTTGGTGGAGGTGGC,NM_001780,-471,-483,cds,2-quartet,ENST00000550050,0.056872038,0.034042553,0.029787234,0.049773756,0.142857143,0.049180328,0.106557377,0.057522124,0.013636364,0.096638655,0.045248869,0.06779661,0.052845528,0.043668122,0.039800995,0.133971292,0.077294686,0.042056075,0.144680851,0.036144578,0.024793388,0.116883117,0.073732719,0.009433962,0.067264574,0.053571429,0.035714286,0.116666667,0.016064257,0.032520325,0.070833333,0.020408163,0.020080321,0.026785714,0.051401869,0.018181818,0.050925926,0.008510638,0.012552301,0,0.011857708,0.0234375,0.024291498,0.076923077,0.020242915,0.012711864,0.18907563,0.052419355,0.082644628,0.044534413
chr11,62334383,62334413,EEF1G,0.394394163,-,9.82E-05,chr11_62334383_-,EEF1G_chr11_62334383_-,GCAGAAGCCCCAGGCTGAGCGGAAGGAGGA,NM_001404,-601,-618,cds,2-quartet,ENST00000329251,0.013135154,0.009052925,0.006610995,0.008492569,0.014246004,0.006024096,0.013280689,0.038461538,0.011746874,0.026709402,0.008931761,0.015467626,0.019677996,0.002609993,0.015100038,0.018278751,0.002675841,0.006719368,0.028612303,0.009813084,0.001500375,0.000812348,0.002711077,0.005249344,0.007980569,0.009831461,0.002741604,0.006901311,0.005500172,0.020550331,0.015045486,0.016853933,0.009018759,0.010442047,0.002454418,0.003839442,0.008510638,0.019553073,0.007684247,0.01173542,0.028037383,0.055268976,0.041820873,0.010289634,0.025544389,0.008313539,0.002273588,0.007065824,0.047763457,0.0095518
chr3,53265563,53267199,TKT,0.302449533,-,0.000505475,chr3_53265563_-,TKT_chr3_53265563_-,AGACCTTCAAGGGCCGAGGGATCACGGGGG,NM_001064,-1153,,cds,2-quartet,ENST00000462138,0.017699115,0.087912088,0.054635762,0.006269592,0.027113238,0.021341463,0.029230769,0.003236246,0.012345679,0.006319115,0.015625,0.003205128,0.009819967,0.008488964,0.035175879,0.026446281,0.004807692,0.00317965,0.003144654,0.014354067,0.013114754,0.014492754,0.01650165,0.016,0.013782542,0.001533742,0.009677419,0.036666667,0.0176,0.025931929,0.030612245,0.040322581,0.014729951,0.007898894,0.01088647,0.053030303,0.001506024,0.006006006,0.015082956,0.02143951,0.056074766,0.0144,0.008389262,0.001683502,0.03164557,0.018272425,0.020304569,0.080906149,0.03030303,0.01674277
chr11,67351967,67351997,GSTP1,0.308725758,+,1.17E-06,chr11_67351997_+,GSTP1_chr11_67351997_+,ATCAGGGCCAGAGCTGGAAGGAGGAGGTGG,NM_000852,,-588,cds,2-quartet,ENST00000398606,0.005670103,0.029225524,0.005480817,0.009674134,0.037451362,0.007444169,0.009360374,0.005333333,0.025097602,0.006043956,0.030287733,0.018201875,0.018994413,0,0.008422235,0.009566969,0.009399478,0.003721425,0.02734375,0.029304029,0.001611171,0.008547009,0.00701565,0.00311042,0.006060606,0.002392344,0.006214149,0.007102993,0.030434783,0.011335633,0.005882353,0.00707428,0.032983508,0.005561173,0.007031642,0.017751479,0.005799903,0.03986711,0.005644403,0.005700713,0.027338129,0.008024072,0.01638385,0.034482759,0.030632411,0.000520562,0.021472393,0.004189944,0.004215457,0.011455847
chr12,6979783,6979813,TPI1,0.345701209,+,3.07E-06,chr12_6979813_+,TPI1_chr12_6979813_+,TCCTTGGCTGAGAGATGGAAGGCGTGGTGG,NM_000365,60,-162,utr3,2-quartet,ENST00000396705,0.004901961,0.015384615,0.004842615,0.0275,0.019559902,0.020253165,0.010230179,0.051813472,0.023136247,0.024,0.028125,0.087912088,0.024456522,0.002557545,0.004901961,0.004796163,0.019138756,0.022988506,0.018691589,0.002267574,0.034324943,0.018518519,0.016431925,0.026190476,0.012376238,0.051162791,0.004662005,0.011820331,0.016746411,0.030732861,0.027295285,0.024937656,0.059259259,0.019184652,0.004728132,0.016129032,0,0.032258065,0.004587156,0,0.006802721,0.011764706,0.014051522,0.004555809,0.018181818,0.015801354,0.025761124,0.014492754,0.080779944,0.027700831
chr12,6979783,6979813,TPI1,0.345701209,+,3.07E-06,chr12_6979813_+,TPI1_chr12_6979813_+,TCCTTGGCTGAGAGATGGAAGGCGTGGTGG,NM_000365,60,-162,utr3,2-quartet,ENST00000229270,0.003944773,0.004077472,0.005703422,0.011505273,0.002814259,0.012645914,0.01010101,0.066530194,0.019832985,0.033732318,0.04181601,0.080906149,0.014957265,0.004020101,0.002912621,0.002868069,0.012333966,0.002754821,0.017495396,0.011131725,0.026768642,0.004930966,0.01003009,0.019019019,0.014256619,0.051612903,0.002782931,0.002811621,0.015503876,0.024952015,0.007121058,0.011235955,0.048323471,0.014423077,0.042613636,0.005576208,0.005499542,0.024953789,0.000928505,0.014585232,0.013953488,0.008687259,0.008571429,0.018467221,0.010054845,0.014692378,0.03030303,0.015640274,0.01371308,0.007284079
chrX,77369605,77369635,PGK1,0.349687497,+,0.000188637,chrX_77369635_+,PGK1_chrX_77369635_+,CCGCTTTCATGTGGAGGAAGAAGGGAAGGG,NM_000291,-876,-1277,cds,2-quartet,ENST00000373316,0.017321016,0.007981756,0.009060023,0.021377672,0.019680197,0.008849558,0.042307692,0.015810277,0.056320401,0.028097063,0.053855569,0.007042254,0.003440367,0.012835473,0.027710843,0.030376671,0.040914561,0.031325301,0.024242424,0.078612717,0.023972603,0.006872852,0.002270148,0.001160093,0.010778443,0.023752969,0.005896226,0.011976048,0.02,0.022140221,0.007389163,0.012925969,0.015186916,0.001152074,0.025200458,0.022485207,0.0125,0.044117647,0.006756757,0.010169492,0.008196721,0.024660912,0.020531401,0.022727273,0.007290401,0.02375,0.074204947,0.029126214,0.02638191,0.05655527
chrX,77378381,77378411,PGK1,0.579015703,+,1.31E-08,chrX_77378411_+,PGK1_chrX_77378411_+,TCAATGAGATGATTATTGGTGGTGGAATGG,NM_000291,-550,-951,cds,2-quartet,ENST00000373316,0.003496503,0.014857143,0.002272727,0.003468208,0.012016021,0.011435832,0.007434944,0.012865497,0.010989011,0.018773467,0.009032258,0.008567931,0.004514673,0.021300448,0.027218935,0.004801921,0.014285714,0.026086957,0.022727273,0.055057618,0.025032938,0.043785311,0.060402685,0.062211982,0.014184397,0.019161677,0.068493151,0.004624277,0.013921114,0.046015713,0.004597701,0.009345794,0.061784897,0.00942285,0.023002421,0.028290283,0.037825059,0.037931034,0.031990521,0.017523364,0.009195402,0.023782559,0.02293578,0.01384083,0.01744186,0.059241706,0.02970297,0.127439724,0.023407022,0.036793693
chr14,103986350,103986460,CKB,0.431374867,-,7.12E-05,chr14_103986350_-,CKB_chr14_103986350_-,GGCGGTGTGGACACGGCTGCGGTGGGCGGG,NM_001823,-257,-324,cds,2-quartet,ENST00000348956,0.003278689,0.037931034,0.022875817,0.024822695,0.029304029,0,0.009345794,0.027355623,0.012195122,0.009174312,0.012012012,0.012195122,0.018072289,0.009063444,0.00887574,0.044642857,0.012539185,0.041269841,0.021806854,0.022222222,0.020905923,0.025806452,0.047923323,0.012578616,0.03785489,0.016025641,0.015923567,0.008902077,0.011869436,0.021084337,0.018237082,0,0.027607362,0.008955224,0.005934718,0.005988024,0,0.006042296,0.00660066,0.006920415,0.01,0.020689655,0.01980198,0.06031746,0.037617555,0.052941176,0.01242236,0.025974026,0.02739726,0.01010101
chr10,73577191,73577221,PSAP,0.34047418,-,0.000538698,chr10_73577191_-,PSAP_chr10_73577191_-,GCAAACGCCATGTGTGGAACTAGGAGGAGG,NM_002778,-695,-1116,"cds,utr3",2-quartet,ENST00000394936,0.003030303,0.058282209,0.024096386,0.015337423,0.015822785,0.01242236,0.03343465,0.02484472,0.035928144,0.014880952,0.005865103,0.021276596,0.043076923,0.012944984,0.045138889,0.014184397,0.04248366,0.01618123,0.042296073,0.036144578,0.039039039,0.012012012,0.035294118,0.005899705,0.011904762,0.014792899,0.021276596,0.028125,0.015479876,0.009287926,0.012232416,0.006116208,0.045317221,0.042944785,0.012269939,0.03030303,0.01529052,0.012121212,0.06547619,0.006042296,0.09939759,0.032258065,0.083067093,0.038709677,0.037800687,0.070707071,0.146103896,0.036065574,0.012269939,0.043076923
chr2,198365937,198367768,HSPE1,0.30839765,+,9.75E-07,chr2_198367768_+,HSPE1_chr2_198367768_+,TGTTGGATCGGGTTCTAAAGGAAAGGGTGG,NM_002157,-175,-236,cds,2-quartet,ENST00000233893,0.012477718,0.017985612,0.020257827,0.019855596,0.031301483,0.037701975,0.032128514,0.069023569,0.010920437,0.011075949,0.023734177,0.013114754,0.018612521,0.023178808,0,0.028301887,0.029310345,0.04137931,0.014423077,0.009360374,0.031198686,0.037234043,0.045174538,0.054613936,0.025728988,0.037267081,0.023659306,0.010852713,0.00619195,0.033950617,0.00931677,0.02681388,0.012403101,0.013136289,0.034653465,0.01322314,0.006578947,0.036050157,0.013574661,0,0.015243902,0.015313936,0.015384615,0.023291925,0.033227848,0.0544,0.079113924,0.056338028,0.009538951,0.044585987
chr12,21794903,21794933,LDHB,0.530877498,-,5.82E-06,chr12_21794903_-,LDHB_chr12_21794903_-,CAGCAGCTGCCATGGATGGATTTTGGGGGA,NM_002300,,-604,cds,2-quartet,ENST00000396076,0.014430014,0.016901408,0.021459227,0.021834061,0.044668588,0.00753012,0.00623053,0.012658228,0.037581699,0.053658537,0.00913242,0.005405405,0.001383126,0.002886003,0.008559201,0.01529052,0.001552795,0.006973501,0.006963788,0.007132668,0.014492754,0,0,0.015406162,0.005698006,0.006024096,0.005617978,0.017955801,0.008534851,0.019345238,0.04587156,0.055646481,0.032307692,0.026490066,0.007874016,0.007936508,0.012113055,0.001371742,0.00979021,0.041606887,0.031428571,0.015580737,0.007112376,0.002785515,0.005502063,0.003994674,0.017264276,0.008141113,0.021798365,0.018030513
chr2,198351794,198351824,HSPD1,0.73134249,-,1.81E-07,chr2_198351794_-,HSPD1_chr2_198351794_-,GGAATGGGTGCAATGGGTGGAATGGGAGGT,NM_002156,-57,-464,cds,2-quartet,ENST00000388968,0.055900621,0,0.074183976,0.032835821,0.014749263,0.022151899,0.021538462,0.059405941,0.012658228,0.009259259,0.011869436,0.035820896,0.040498442,0.021604938,0.040345821,0,0.014367816,0,0,0.014005602,0.011204482,0.019553073,0.011363636,0.017291066,0.02266289,0.011142061,0.008403361,0.055865922,0.008426966,0.033802817,0.03343465,0.049844237,0.041009464,0.018461538,0.008595989,0.020057307,0.014705882,0.029498525,0.005952381,0.081690141,0.014285714,0.005934718,0.017964072,0.017045455,0.005633803,0.019444444,0.013774105,0.005698006,0.020114943,0.017291066
chr2,98263544,98263574,COX5B,0.263189113,+,0.000254136,chr2_98263574_+,COX5B_chr2_98263574_+,ATGAAGAGCAGGCGACTGGGTTGGAGAGGG,NM_001862,,-291,cds,2-quartet,ENST00000258424,0.014240506,0.026058632,0.035598706,0.031932773,0.039872408,0.006153846,0.010526316,0.010416667,0,0.004580153,0.019512195,0.022012579,0.006319115,0.022727273,0.017741935,0.011965812,0.020618557,0.01618123,0.008143322,0.051886792,0,0.008547009,0.069651741,0.008291874,0.005033557,0.017064846,0.020100503,0.001574803,0.022690438,0.014705882,0.037953795,0.01221374,0.004451039,0.011851852,0.015649452,0.0208,0.003273322,0.028169014,0.004608295,0.001519757,0.015243902,0.007633588,0.021505376,0.066246057,0.040066778,0.006734007,0.058823529,0.01552795,0.014150943,0.027906977
chr15,72501205,72502017,PKM2,0.5259399,-,9.03E-06,chr15_72501205_-,PKM2_chr15_72501205_-,AAGGTGCCGACTTCCTGGTGACGGAGGTGG,NM_002654,-1524,-1604,cds,2-quartet,ENST00000335181,0.002159827,0.046610169,0.002141328,0.010460251,0.030612245,0.00811359,0.008097166,0.037344398,0.002074689,0.016260163,0.007984032,0,0.006024096,0.003984064,0.017786561,0.016032064,0.022403259,0.015717092,0.014,0.026639344,0.002061856,0.009803922,0.044265594,0.046413502,0.018292683,0.005882353,0.00776699,0.009960159,0.05,0.012448133,0.012605042,0.046747967,0.004201681,0.004175365,0.010822511,0.017429194,0.010548523,0.052104208,0.006012024,0.022494888,0.029978587,0.022132797,0.016494845,0.012658228,0.044897959,0.016293279,0.005988024,0.047244094,0.001960784,0.015779093
chr12,54675622,54675652,HNRNPA1,0.271892111,+,0.000127225,chr12_54675652_+,HNRNPA1_chr12_54675652_+,TGTCACATATGCCACTGTGGAGGAGGTGGA,NM_002136,-773,-1075,cds,2-quartet,ENST00000546500,0.001788909,0.010327022,0.012635379,0.008818342,0.008726003,0.003508772,0.008680556,0.017271157,0.021582734,0.024305556,0.013961606,0.009242144,0.021317829,0.043478261,0.019646365,0.01734104,0.012522361,0.014519056,0.040219378,0.06300813,0.006302521,0.002192982,0.009861933,0.003454231,0,0.005163511,0,0.003395586,0,0.003395586,0.010968921,0.014732965,0.003669725,0.001879699,0.007476636,0.001834862,0.024163569,0.005545287,0.010060362,0.00952381,0.003430532,0.001727116,0.008561644,0.00172117,0.006920415,0.001733102,0.008561644,0.018835616,0.023809524,0.029010239
chr9,127119188,127146901,PSMB7,0.528896166,-,9.75E-07,chr9_127119188_-,PSMB7_chr9_127119188_-,GATAAGTTTAGGCCAGACATGGAGGAGGAG,NM_002799,,-360,cds,2-quartet,ENST00000259457,0.025723473,0.010169492,0.020408163,0.010452962,0.024822695,0.110320285,0.006688963,0.016025641,0.016129032,0.015873016,0.003333333,0.006756757,0.099656357,0.010273973,0.058631922,0.023890785,0.054474708,0.042801556,0.016528926,0.004081633,0.028,0.011152416,0.003676471,0.025,0.009756098,0.003731343,0.02295082,0.033088235,0.014336918,0.023411371,0.029126214,0.038461538,0.003344482,0.009933775,0.013468013,0.013513514,0.009771987,0.009933775,0.003322259,0.012820513,0.00955414,0.016611296,0.016393443,0.012861736,0.00330033,0.024054983,0.006578947,0.009803922,0,0.013377926
chr12,21794903,21794933,LDHB,0.530877498,-,5.82E-06,chr12_21794903_-,LDHB_chr12_21794903_-,CAGCAGCTGCCATGGATGGATTTTGGGGGA,NM_002300,,-604,cds,2-quartet,ENST00000350669,0.010204082,0.024679171,0.024752475,0.037487335,0.036217304,0.019587629,0.008592911,0.01870187,0.036158192,0.042334096,0.005302227,0.001899335,0.006653992,0.00999001,0.020588235,0.016216216,0.005376344,0.009832842,0.010628019,0.013944223,0.022532189,0.003976143,0.003058104,0.020447907,0.011730205,0.005030181,0.023877746,0.004775549,0.022571148,0.030114226,0.046248715,0.060043668,0.045638945,0.00361991,0.003610108,0.005474453,0.013799448,0.013992537,0.016330451,0.052268245,0.032384691,0.012935323,0.022835395,0.005769231,0.003780718,0.006439742,0.034038638,0.011352886,0.027410208,0.019065777
chr17,79671723,79673943,MRPL12,0.554156773,+,9.80E-07,chr17_79673943_+,MRPL12_chr17_79673943_+,TCCCTGCTGCAGCAGCCCAGGAGGCGGTGG,NM_002949,,-500,cds,2-quartet,ENST00000333676,0.019125683,0.031168831,0.010126582,0.012531328,0.005141388,0,0.010989011,0.010498688,0.022556391,0.005181347,0.016949153,0.03960396,0.045751634,0.028205128,0.005154639,0.015957447,0.010810811,0.010282776,0.002570694,0.018324607,0.002617801,0.002673797,0.010695187,0.056603774,0.005747126,0,0.009036145,0.016528926,0.018018018,0.011627907,0,0.007772021,0.0234375,0.020942408,0.040920716,0.004987531,0.010152284,0.037783375,0.002506266,0.007575758,0.01038961,0.028277635,0.005333333,0.002702703,0.021333333,0.010840108,0.025069638,0.062678063,0.045092838,0.002816901
chr12,54675659,54675689,HNRNPA1,0.280333984,+,0.000323267,chr12_54675689_+,HNRNPA1_chr12_54675689_+,ATGAATGCAAGGCCACACAAGGTGGATGGA,NM_002136,-736,-1038,cds,2-quartet,ENST00000546500,0.005545287,0.010060362,0.00952381,0.003430532,0.001727116,0.008561644,0.00172117,0.006920415,0.001733102,0.008561644,0.018835616,0.023809524,0.029010239,0.01814882,0.007155635,0.038327526,0.010452962,0.020512821,0.016778523,0.014705882,0.017582418,0.036016949,0.001923077,0.044036697,0.00877193,0.012131716,0.014519056,0.005385996,0.016697588,0.005628518,0,0.006837607,0.031523643,0,0.003616637,0.014403292,0.010362694,0.015437393,0.010169492,0.019713262,0.020547945,0.008741259,0.00877193,0.041366906,0.033519553,0.029508197,0.011725293,0.02601626,0.00990099,0.006688963
chr13,31035541,31035571,HMGB1,0.554024252,-,2.69E-07,chr13_31035541_-,HMGB1_chr13_31035541_-,AGGAAGATGAAGAGGATGAGGAGGAGGAGG,NM_002128,-106,-487,cds,2-quartet,ENST00000341423,0.004587156,0.009259259,0,0.013574661,0.004739336,0.027149321,0.004716981,0.009569378,0.039130435,0.004329004,0.004329004,0.017094017,0.008658009,0.009009009,0.01754386,0.004444444,0,0.022026432,0.004329004,0.008810573,0.038961039,0.004504505,0.004587156,0.004385965,0.004291845,0.004444444,0.025974026,0.008658009,0,0.008695652,0.021459227,0.004424779,0.004347826,0.004347826,0,0,0,0,0.008547009,0.004291845,0,0.004273504,0,0.02690583,0.020746888,0.004149378,0.021186441,0.020746888,0.004329004,0.017777778
chr8,145151129,145151246,CYC1,0.55438283,+,4.08E-07,chr8_145151246_+,CYC1_chr8_145151246_+,GAAGCTAAGGAGCTGGCTGCGGAGGTGGAG,NM_001916,,-686,cds,2-quartet,ENST00000318911,0.023316062,0.045454545,0.020725389,0.020050125,0.002493766,0.024193548,0.002739726,0.016574586,0.017647059,0.018041237,0.008498584,0.048632219,0.039513678,0.018421053,0.018421053,0.059259259,0.034398034,0.055421687,0.053658537,0.033980583,0.065,0.022277228,0.017676768,0.032663317,0.005141388,0.013192612,0.01285347,0.036231884,0.00243309,0.020050125,0.02244389,0.02617801,0.04076087,0.01897019,0.010638298,0.076335878,0.017199017,0.030534351,0,0.028409091,0.020348837,0.008797654,0.102209945,0.029776675,0.053268765,0.061124694,0.005102041,0.024523161,0.020460358,0.015463918
chr6,36562171,36562201,SRSF3,0.363848545,+,8.89E-05,chr6_36562201_+,SRSF3_chr6_36562201_+,GTTGGTTGGTGTTGGGCCGGAGGAAAGCGG,NM_003017,-578,-1976,utr5,2-quartet,ENST00000373715,0,0.004608295,0.006896552,0.00462963,0,0.002217295,0,0.013333333,0.006637168,0.048245614,0.02,0.00228833,0.036016949,0.016771488,0.00212766,0.015283843,0.027083333,0.004149378,0.012552301,0.06097561,0.008510638,0.025531915,0.006048387,0.003937008,0.007984032,0.010373444,0.008230453,0.011013216,0.006134969,0.006521739,0.013544018,0.017241379,0.019027484,0.013157895,0.00591716,0.005988024,0.017578125,0.01048218,0.021072797,0.009633911,0.01171875,0.008032129,0.036259542,0.024640657,0.038135593,0.023904382,0.031055901,0.010330579,0.015748031,0.025695931
chr16,28856107,28856137,TUFM,0.49998446,-,1.29E-05,chr16_28856107_-,TUFM_chr16_28856107_-,CCAGGACTCTGAGATGGTGGAACTGGTGGA,NM_003321,-972,-938,cds,2-quartet,ENST00000313511,0.007692308,0.014981273,0.019011407,0.016326531,0.04048583,0.007604563,0.026217228,0.018939394,0,0.030651341,0.022727273,0,0.03030303,0.004347826,0.015037594,0.066176471,0.036585366,0.025,0.033613445,0.014869888,0,0.056818182,0.016,0.004237288,0.015151515,0.01509434,0.003831418,0.038910506,0.015444015,0.019455253,0.052419355,0.024193548,0.019685039,0.045112782,0.00729927,0.003703704,0.073260073,0.007352941,0.011235955,0.022727273,0.038022814,0.019083969,0.057034221,0.010909091,0.02919708,0.015037594,0.015267176,0.042801556,0.031128405,0.031620553
chr3,48642170,48642200,UQCRC1,0.311211408,-,0.00016286,chr3_48642170_-,UQCRC1_chr3_48642170_-,GCCTGGCAGTGCCCTGGAGAAGGAGGTGGA,NM_003365,,-1208,cds,2-quartet,ENST00000203407,0.029411765,0.022222222,0.015936255,0.02189781,0.025830258,0.021276596,0.048109966,0.039145907,0.044067797,0.006993007,0.013986014,0.010380623,0.023890785,0.009868421,0.009677419,0.003378378,0.033444816,0.029220779,0.016722408,0.01754386,0.006734007,0.010238908,0.044176707,0,0.019047619,0,0.009259259,0.031746032,0.042345277,0.056291391,0.009868421,0.010135135,0.00660066,0.02020202,0.033333333,0.006644518,0.089783282,0.00931677,0.019230769,0.016835017,0.010204082,0.02027027,0.021875,0.003246753,0.022012579,0.041401274,0.009677419,0.006666667,0.003389831,0.013793103
chr17,7211020,7211050,EIF5A,0.268023941,+,0.01564919,chr17_7211050_+,EIF5A_chr17_7211050_+,CGGTTGGGCTCGCGGCGAGCGGACGGGGTC,NM_001970,-787,-1128,utr5,2-quartet,ENST00000336458,0.023188406,0.005681818,0.010810811,0,0.013888889,0.017191977,0.005763689,0.008241758,0.01312336,0.002617801,0.024390244,0.021164021,0.002695418,0,0.012953368,0.005141388,0.007792208,0.010869565,0.010869565,0.014534884,0.005420054,0.00265252,0.042553191,0.021621622,0.005494505,0.020942408,0,0.005063291,0.002538071,0.005181347,0.002617801,0.002673797,0.005730659,0.005376344,0.005797101,0.005405405,0.013812155,0.00530504,0.038888889,0.020725389,0.015463918,0.044736842,0.024324324,0.002949853,0,0.002610966,0,0.015789474,0.002597403,0.018181818
chr19,46191759,46191789,SNRPD2,0.406180958,-,4.77E-05,chr19_46191759_-,SNRPD2_chr19_46191759_-,AGAGGAGCTGCAGAAGCGAGAGGAGGAGGA,NM_004597,,-359,cds,G_40,ENST00000342669,0.000870322,0.009124088,0.017471737,0.010743062,0.007978723,0.025688073,0.019169329,0.032742156,0.083090379,0.003891051,0.013397129,0.003741815,0.017674419,0.014842301,0.005141388,0.00954033,0.004370629,0.007042254,0.02027027,0.005194805,0.01535682,0.00776699,0.004694836,0.013651877,0.035029191,0.02140411,0.035250464,0.011504425,0.01084991,0.016713092,0,0.033395176,0.004508566,0.00540054,0.001759015,0.003439381,0.008583691,0.019343987,0.004842615,0.043265306,0.012647555,0.043074324,0.08340081,0.02582728,0.01744186,0.041455161,0.052816901,0.039282664,0.027506655,0.037865749
chr17,73164173,73164203,SUMO2,0.283847658,-,0.000962308,chr17_73164173_-,SUMO2_chr17_73164173_-,TGATTGACATCAAGTGGAGACGGGATGGGG,NM_006937,-14,-326,utr3,Others,ENST00000420826,0.039045553,0.034188034,0.033557047,0.040572792,0.024630542,0.099009901,0.002469136,0.002762431,0.052785924,0.05370844,0.006315789,0.002066116,0.037974684,0.040089087,0.010940919,0.011286682,0.027906977,0.0275,0.052910053,0.064102564,0.033505155,0.008639309,0.002087683,0,0.034261242,0.004098361,0,0.002083333,0.004201681,0.004237288,0.006550218,0.010660981,0,0.002079002,0.002257336,0.014198783,0,0,0.002083333,0.004237288,0.002164502,0.008032129,0.007952286,0.005952381,0.052,0.034188034,0.032854209,0.006329114,0.012552301,0.022321429
chr2,3623471,3624100,RPS7,0.676387886,+,2.08E-06,chr2_3624100_+,RPS7_chr2_3624100_+,AGCTAAGGAAATTGAAGTTGGTGGTGGTCG,NM_001011,,-429,cds,Others,ENST00000403564,0.003496503,0.022687609,0.031986532,0.033333333,0.049557522,0.039355993,0.022298456,0.008591065,0.003454231,0.005199307,0.052724077,0.028195489,0.018726592,0.033807829,0.012367491,0.001754386,0.008756567,0.013888889,0.028218695,0.007181329,0.021857923,0.025925926,0.017182131,0,0.007233273,0.003514938,0.001754386,0.005309735,0,0.004975124,0.004983389,0.009983361,0.003322259,0.001689189,0.013355593,0.005076142,0.017064846,0.018761726,0.039179104,0.025089606,0.009025271,0.003636364,0.001706485,0.006849315,0.031719533,0.024054983,0.035897436,0.031578947,0.041818182,0.124786325
chr2,3623471,3624100,RPS7,0.676387886,+,2.08E-06,chr2_3624100_+,RPS7_chr2_3624100_+,AGCTAAGGAAATTGAAGTTGGTGGTGGTCG,NM_001011,,-429,cds,Others,ENST00000462576,0.008928571,0.051724138,0.053824363,0.053892216,0.042424242,0.020289855,0,0.00887574,0,0.014836795,0.008746356,0.012121212,0.020771513,0.011627907,0.020057307,0.005934718,0.026706231,0.005813953,0.005763689,0.043604651,0.042296073,0.00625,0.01744186,0.00591716,0.015060241,0.020467836,0.008849558,0.006134969,0.020467836,0.014164306,0.005665722,0.022857143,0.002890173,0.002898551,0.052478134,0,0.020648968,0.022364217,0.055045872,0.008928571,0.003115265,0.02507837,0.014619883,0.014662757,0.039660057,0.052941176,0.052325581,0.074183976,0.054487179,0.108433735
chr2,176046373,176046403,ATP5G3,0.254216505,-,0.000208493,chr2_176046373_-,ATP5G3_chr2_176046373_-,GCCGCCGCCTCCTGGGAAGAGAGGAAGCGG,NM_001689,-552,-616,utr5,Others,ENST00000284727,0.004672897,0.008928571,0,0.046357616,0.002331002,0.004310345,0.021321962,0.006097561,0.011952191,0.001869159,0.003703704,0.005555556,0.027075812,0.012635379,0.010948905,0.014571949,0.017307692,0.013274336,0.026252983,0.01891253,0.02905569,0.023529412,0.001890359,0.001851852,0,0.003401361,0.012195122,0.01188455,0.001798561,0.009041591,0.014897579,0.003696858,0.01369863,0,0.001628664,0.001574803,0,0.003257329,0.001605136,0.004854369,0.009724473,0.011784512,0.013793103,0.010416667,0.021702838,0.004934211,0.006557377,0.00155521,0.006482982,0.018796992
chr6,34205092,34206596,HMGA1,0.3567551,+,0.001297234,chr6_34206596_+,HMGA1_chr6_34206596_+,CGCATCCCAGCCATCACTCTTCCACCTGCT,NM_145899,-494,,utr5,Others,ENST00000311487,0.003067485,0.008849558,0.011461318,0.020057307,0.020114943,0.020289855,0.014836795,0.007782101,0.056537102,0.00297619,0.051118211,0.198675497,0.053797468,0.061643836,0.038869258,0.047945205,0.089171975,0.030674847,0.03313253,0.018987342,0.019354839,0.054945055,0.014336918,0.018050542,0.041800643,0.074183976,0.051575931,0.005797101,0.011560694,0.011594203,0.184750733,0.031468531,0,0.011111111,0.011235955,0.033210332,0.037671233,0.014662757,0.017142857,0,0.151724138,0.02166065,0.041811847,0.091216216,0.006309148,0.003125,0.024922118,0.00931677,0.006369427,0.018292683
chr11,88045644,88045674,CTSC,0.256716458,-,0.000142421,chr11_88045644_-,CTSC_chr11_88045644_-,CTGGGTGGGTGCATGATGTGTTGGGCCGGA,NM_001814,,-1386,cds,Others,ENST00000227266,0.014492754,0.02247191,0.007751938,0.003952569,0.026217228,0.003610108,0.042857143,0.036,0.012048193,0.045454545,0.026119403,0.014234875,0.006872852,0.006779661,0.013793103,0.020905923,0.006896552,0.020618557,0,0.070422535,0.017482517,0.020905923,0.022727273,0.015151515,0.02238806,0.031746032,0.061068702,0.01171875,0.026717557,0.014869888,0.011152416,0,0.003401361,0.007246377,0.01459854,0.003623188,0.003802281,0.014760148,0.003690037,0.00754717,0.018450185,0.017667845,0.031141869,0,0.003424658,0.003424658,0.027210884,0.051546392,0.006968641,0.003663004
chr12,16500625,16500723,MGST1,0.440266823,+,0.001301576,chr12_16500723_+,MGST1_chr12_16500723_+,CCTCCTCCTCGGCCTCACCATTCCAGACCA,NM_020300,,-828,utr5,Others,ENST00000396210,0,0.02734375,0.007936508,0.015748031,0.012,0.019762846,0,0.017316017,0.008438819,0.021276596,0.018348624,0.014018692,0.036363636,0.018518519,0.077272727,0.049773756,0.036199095,0.029787234,0.008163265,0.027027027,0.011538462,0.007843137,0.007936508,0.038135593,0.0234375,0.026315789,0.026923077,0.037878788,0.003759398,0.03202847,0.018248175,0.025454545,0.061538462,0,0.018315018,0.007462687,0.030418251,0.018796992,0.011811024,0.0078125,0.019083969,0.007067138,0.057761733,0.08365019,0.025830258,0.007380074,0.033834586,0.034615385,0.007722008,0.014869888
chr12,16500635,16500733,MGST1,0.479638928,+,0.001114136,chr12_16500733_+,MGST1_chr12_16500733_+,GGCCTCACCATTCCAGACCAAAATTGAAAA,NM_020300,,-818,utr5,Others,ENST00000396210,0.018348624,0.014018692,0.036363636,0.018518519,0.077272727,0.049773756,0.036199095,0.029787234,0.008163265,0.027027027,0.011538462,0.007843137,0.007936508,0.038135593,0.0234375,0.026315789,0.026923077,0.037878788,0.003759398,0.03202847,0.018248175,0.025454545,0.061538462,0,0.018315018,0.007462687,0.030418251,0.018796992,0.011811024,0.0078125,0.019083969,0.007067138,0.057761733,0.08365019,0.025830258,0.007380074,0.033834586,0.034615385,0.007722008,0.014869888,0.04964539,0.038167939,0.082089552,0.003745318,0.01459854,0.003703704,0.059440559,0,0.022813688,0.018248175
chr2,3623471,3624100,RPS7,0.676387886,+,2.08E-06,chr2_3624100_+,RPS7_chr2_3624100_+,AGCTAAGGAAATTGAAGTTGGTGGTGGTCG,NM_001011,,-429,cds,Others,ENST00000406376,0.014767932,0.0639413,0.038026721,0.035181237,0.056989247,0.039045553,0.053497942,0.026776519,0.018967334,0.009463722,0.087276551,0.025813692,0.03674833,0.05,0.01280683,0.018398268,0.03930131,0.033970276,0.066017316,0.041800643,0.038043478,0.018973214,0.011652542,0.017353579,0.023255814,0.031082529,0.027203482,0.006681514,0.025450689,0.008205128,0.008264463,0.035860656,0.00509165,0.013374486,0.032291667,0.011554622,0.02373247,0.033096927,0.040723982,0.03003337,0.010344828,0.006857143,0.013569937,0.012486993,0.031344793,0.025052192,0.059251559,0.031351351,0.040677966,0.15641293
chr3,49412873,49412903,RHOA,0.292258191,-,0.000438743,chr3_49412873_-,RHOA_chr3_49412873_-,AACTATGTGGCAGATATCGAGGTGGATGGA,NM_001664,-494,-1477,cds,Others,ENST00000418115,0.008510638,0.017316017,0.02283105,0.058035714,0.009174312,0.061403509,0.025862069,0.012448133,0.017094017,0.047826087,0.031818182,0.030701754,0.052631579,0.00877193,0.026785714,0.067264574,0.009174312,0.00913242,0.012987013,0.00877193,0.012931034,0.030172414,0,0.026548673,0.092920354,0.033057851,0.025423729,0.004032258,0.019762846,0.003952569,0.007843137,0.003937008,0.035714286,0.020242915,0.021459227,0.019047619,0.008196721,0,0.021008403,0.01754386,0.033195021,0.024896266,0.020746888,0.021008403,0.047808765,0.008196721,0.012244898,0.032258065,0.003984064,0.024
chr2,64109713,64109743,UGP2,0.275028548,+,0.001288186,chr2_64109743_+,UGP2_chr2_64109743_+,AAAGGCCCTAAAAGTCTGATTGGTGTGAGG,NM_006759,-1297,-1444,cds,Others,ENST00000337130,0.011235955,0.032653061,0.007326007,0.019736842,0,0.006622517,0.016233766,0.022653722,0.009868421,0.013605442,0.025806452,0.003215434,0.003355705,0.045614035,0.021126761,0.006920415,0.020761246,0.009771987,0.003225806,0.038709677,0.003257329,0.020134228,0.031141869,0.029090909,0.003831418,0.011406844,0.024137931,0.032727273,0.031372549,0.029850746,0.003134796,0.009287926,0.009646302,0.072607261,0.006849315,0.039087948,0.019480519,0.006666667,0.016556291,0.013245033,0.010452962,0.013793103,0.05,0.013745704,0.013513514,0.016949153,0.031358885,0.017064846,0.065693431,0.041493776
